period,category,emp_num_before,emp_num_after,change,pct_change
Obama 2013,AA-01,11.0,7.0,-4.0,-36.36363636363637
Obama 2013,AA-02,16.0,5.0,-11.0,-68.75
Obama 2013,AA-03,9.0,16.0,7.0,77.77777777777779
Obama 2013,AA-04,11.0,15.0,4.0,36.36363636363637
Obama 2013,AA-05,6.0,6.0,0.0,0.0
Obama 2013,AA-06,25.0,27.0,2.0,8.0
Obama 2013,AD-00,26956.0,25907.0,-1049.0,-3.8915269327793442
Obama 2013,AD-01,3300.0,3125.0,-175.0,-5.303030303030303
Obama 2013,AD-02,3169.0,3069.0,-100.0,-3.1555695803092454
Obama 2013,AD-03,1394.0,1398.0,4.0,0.2869440459110474
Obama 2013,AD-04,603.0,595.0,-8.0,-1.3266998341625207
Obama 2013,AD-05,882.0,789.0,-93.0,-10.54421768707483
Obama 2013,AD-06,74.0,56.0,-18.0,-24.324324324324326
Obama 2013,AD-07,1005.0,1008.0,3.0,0.2985074626865672
Obama 2013,AD-08,24.0,25.0,1.0,4.166666666666666
Obama 2013,AD-09,338.0,343.0,5.0,1.4792899408284024
Obama 2013,AD-10,76.0,77.0,1.0,1.3157894736842104
Obama 2013,AD-11,474.0,456.0,-18.0,-3.79746835443038
Obama 2013,AD-12,602.0,603.0,1.0,0.16611295681063123
Obama 2013,AD-13,631.0,617.0,-14.0,-2.218700475435816
Obama 2013,AD-14,944.0,948.0,4.0,0.423728813559322
Obama 2013,AD-15,402.0,399.0,-3.0,-0.7462686567164178
Obama 2013,AD-16,715.0,734.0,19.0,2.6573426573426575
Obama 2013,AD-17,165.0,175.0,10.0,6.0606060606060606
Obama 2013,AD-18,79.0,82.0,3.0,3.79746835443038
Obama 2013,AD-20,1.0,1.0,0.0,0.0
Obama 2013,AD-21,218.0,243.0,25.0,11.46788990825688
Obama 2013,AD-22,126.0,125.0,-1.0,-0.7936507936507936
Obama 2013,AD-23,122.0,123.0,1.0,0.819672131147541
Obama 2013,AD-24,236.0,264.0,28.0,11.864406779661017
Obama 2013,AD-25,243.0,271.0,28.0,11.522633744855968
Obama 2013,AD-26,185.0,208.0,23.0,12.432432432432433
Obama 2013,AD-27,252.0,258.0,6.0,2.380952380952381
Obama 2013,AD-28,221.0,233.0,12.0,5.429864253393665
Obama 2013,AD-29,3497.0,3398.0,-99.0,-2.8309979982842437
Obama 2013,AD-30,30.0,30.0,0.0,0.0
Obama 2013,AD-31,83.0,84.0,1.0,1.2048192771084338
Obama 2013,AD-33,456.0,463.0,7.0,1.5350877192982455
Obama 2013,AD-35,173.0,176.0,3.0,1.7341040462427744
Obama 2013,AD-37,332.0,331.0,-1.0,-0.30120481927710846
Obama 2013,AD-39,5.0,9.0,4.0,80.0
Obama 2013,AD-40,89.0,89.0,0.0,0.0
Obama 2013,AI-03,7.0,0.0,-7.0,-100.0
Obama 2013,AI-04,177.0,140.0,-37.0,-20.903954802259886
Obama 2013,AJ-00,16.0,14.0,-2.0,-12.5
Obama 2013,AL-01,5.0,5.0,0.0,0.0
Obama 2013,AL-02,39.0,39.0,0.0,0.0
Obama 2013,AL-03,1806.0,1807.0,1.0,0.05537098560354374
Obama 2013,AO-01,37.0,9.0,-28.0,-75.67567567567568
Obama 2013,AO-02,138.0,128.0,-10.0,-7.246376811594203
Obama 2013,AO-03,16.0,16.0,0.0,0.0
Obama 2013,AP-01,8.0,21.0,13.0,162.5
Obama 2013,AP-02,10.0,7.0,-3.0,-30.0
Obama 2013,AP-03,186.0,196.0,10.0,5.376344086021505
Obama 2013,AP-04,1651.0,1638.0,-13.0,-0.7874015748031495
Obama 2013,AP-05,481.0,478.0,-3.0,-0.6237006237006237
Obama 2013,AP-06,93.0,89.0,-4.0,-4.301075268817205
Obama 2013,AS-01,6.0,0.0,-6.0,-100.0
Obama 2013,AS-02,6.0,8.0,2.0,33.33333333333333
Obama 2013,AS-03,14.0,13.0,-1.0,-7.142857142857142
Obama 2013,AS-04,5.0,5.0,0.0,0.0
Obama 2013,BB-00,1602.0,1567.0,-35.0,-2.184769038701623
Obama 2013,BL-00,97.0,97.0,0.0,0.0
Obama 2013,BS-00,114.0,113.0,-1.0,-0.8771929824561403
Obama 2013,CA-01,2.0,2.0,0.0,0.0
Obama 2013,CA-02,3.0,3.0,0.0,0.0
Obama 2013,CA-03,33.0,32.0,-1.0,-3.0303030303030303
Obama 2013,CE-01,123.0,119.0,-4.0,-3.2520325203252036
Obama 2013,CE-02,225.0,220.0,-5.0,-2.2222222222222223
Obama 2013,CE-03,83.0,80.0,-3.0,-3.614457831325301
Obama 2013,CE-04,22.0,19.0,-3.0,-13.636363636363635
Obama 2013,CE-05,20.0,19.0,-1.0,-5.0
Obama 2013,CE-06,34.0,37.0,3.0,8.823529411764707
Obama 2013,CE-07,28.0,29.0,1.0,3.571428571428571
Obama 2013,CE-08,9.0,9.0,0.0,0.0
Obama 2013,CE-09,1.0,1.0,0.0,0.0
Obama 2013,CE-10,1.0,1.0,0.0,0.0
Obama 2013,CG-02,8.0,5.0,-3.0,-37.5
Obama 2013,CG-03,8.0,7.0,-1.0,-12.5
Obama 2013,CG-04,139.0,66.0,-73.0,-52.51798561151079
Obama 2013,CG-05,53.0,45.0,-8.0,-15.09433962264151
Obama 2013,CG-06,199.0,196.0,-3.0,-1.507537688442211
Obama 2013,CG-07,594.0,510.0,-84.0,-14.14141414141414
Obama 2013,CG-08,102.0,104.0,2.0,1.9607843137254901
Obama 2013,CG-09,478.0,421.0,-57.0,-11.92468619246862
Obama 2013,CG-10,1.0,1.0,0.0,0.0
Obama 2013,CG-11,665.0,697.0,32.0,4.8120300751879705
Obama 2013,CG-12,1209.0,1186.0,-23.0,-1.902398676592225
Obama 2013,CG-13,1415.0,1324.0,-91.0,-6.4310954063604235
Obama 2013,CG-14,1509.0,1490.0,-19.0,-1.2591119946984757
Obama 2013,CG-15,566.0,588.0,22.0,3.8869257950530036
Obama 2013,CM-01,638.0,625.0,-13.0,-2.037617554858934
Obama 2013,CM-02,198.0,196.0,-2.0,-1.0101010101010102
Obama 2013,CT-06,1.0,1.0,0.0,0.0
Obama 2013,CT-07,8.0,7.0,-1.0,-12.5
Obama 2013,CT-08,9.0,8.0,-1.0,-11.11111111111111
Obama 2013,CT-09,17.0,13.0,-4.0,-23.52941176470588
Obama 2013,CT-10,3.0,3.0,0.0,0.0
Obama 2013,CT-11,27.0,22.0,-5.0,-18.51851851851852
Obama 2013,CT-12,48.0,45.0,-3.0,-6.25
Obama 2013,CT-13,180.0,166.0,-14.0,-7.777777777777778
Obama 2013,CT-14,234.0,242.0,8.0,3.418803418803419
Obama 2013,CT-15,128.0,127.0,-1.0,-0.78125
Obama 2013,CT-16,31.0,33.0,2.0,6.451612903225806
Obama 2013,CT-18,9.0,8.0,-1.0,-11.11111111111111
Obama 2013,CU-03,1.0,1.0,0.0,0.0
Obama 2013,CU-04,0.0,1.0,1.0,100.0
Obama 2013,CU-05,3.0,3.0,0.0,0.0
Obama 2013,CU-06,17.0,14.0,-3.0,-17.647058823529413
Obama 2013,CU-07,41.0,46.0,5.0,12.195121951219512
Obama 2013,CU-08,13.0,14.0,1.0,7.6923076923076925
Obama 2013,CU-09,103.0,79.0,-24.0,-23.300970873786408
Obama 2013,CU-10,1.0,0.0,-1.0,-100.0
Obama 2013,CU-11,255.0,285.0,30.0,11.76470588235294
Obama 2013,CU-12,284.0,264.0,-20.0,-7.042253521126761
Obama 2013,CU-13,156.0,155.0,-1.0,-0.641025641025641
Obama 2013,CU-14,140.0,150.0,10.0,7.142857142857142
Obama 2013,CU-15,117.0,123.0,6.0,5.128205128205128
Obama 2013,CU-16,4.0,1.0,-3.0,-75.0
Obama 2013,CX-00,3.0,6.0,3.0,100.0
Obama 2013,CY-01,883.0,868.0,-15.0,-1.698754246885617
Obama 2013,CY-02,803.0,814.0,11.0,1.36986301369863
Obama 2013,CY-03,62.0,65.0,3.0,4.838709677419355
Obama 2013,CY-04,33.0,33.0,0.0,0.0
Obama 2013,CY-05,34.0,35.0,1.0,2.941176470588235
Obama 2013,CY-06,20.0,20.0,0.0,0.0
Obama 2013,CY-07,26.0,24.0,-2.0,-7.6923076923076925
Obama 2013,CY-11,308.0,284.0,-24.0,-7.792207792207792
Obama 2013,CY-12,120.0,115.0,-5.0,-4.166666666666666
Obama 2013,CY-13,156.0,157.0,1.0,0.641025641025641
Obama 2013,CY-14,324.0,329.0,5.0,1.5432098765432098
Obama 2013,CY-15,75.0,74.0,-1.0,-1.3333333333333335
Obama 2013,CY-16,125.0,134.0,9.0,7.199999999999999
Obama 2013,CY-17,10.0,10.0,0.0,0.0
Obama 2013,CY-21,40.0,37.0,-3.0,-7.5
Obama 2013,CY-22,8.0,8.0,0.0,0.0
Obama 2013,CY-23,16.0,17.0,1.0,6.25
Obama 2013,CY-24,1.0,1.0,0.0,0.0
Obama 2013,DA-01,12.0,14.0,2.0,16.666666666666664
Obama 2013,DA-02,43.0,53.0,10.0,23.25581395348837
Obama 2013,DA-03,176.0,158.0,-18.0,-10.227272727272728
Obama 2013,DA-04,353.0,364.0,11.0,3.1161473087818696
Obama 2013,DA-05,298.0,310.0,12.0,4.026845637583892
Obama 2013,DA-06,327.0,335.0,8.0,2.4464831804281344
Obama 2013,DB-01,35.0,18.0,-17.0,-48.57142857142857
Obama 2013,DB-02,571.0,526.0,-45.0,-7.880910683012258
Obama 2013,DB-03,3677.0,3705.0,28.0,0.7614903453902638
Obama 2013,DB-04,3360.0,3359.0,-1.0,-0.029761904761904764
Obama 2013,DB-05,281.0,273.0,-8.0,-2.8469750889679712
Obama 2013,DB-06,2.0,2.0,0.0,0.0
Obama 2013,DE-01,161.0,130.0,-31.0,-19.25465838509317
Obama 2013,DE-02,461.0,450.0,-11.0,-2.386117136659436
Obama 2013,DE-03,1556.0,1564.0,8.0,0.5141388174807198
Obama 2013,DE-04,347.0,354.0,7.0,2.0172910662824206
Obama 2013,DE-05,31.0,33.0,2.0,6.451612903225806
Obama 2013,DG-00,3.0,2.0,-1.0,-33.33333333333333
Obama 2013,DG-01,29.0,13.0,-16.0,-55.172413793103445
Obama 2013,DG-02,60.0,54.0,-6.0,-10.0
Obama 2013,DG-03,87.0,90.0,3.0,3.4482758620689653
Obama 2013,DG-04,103.0,103.0,0.0,0.0
Obama 2013,DG-05,36.0,34.0,-2.0,-5.555555555555555
Obama 2013,DG-06,2.0,1.0,-1.0,-50.0
Obama 2013,DJ-01,5.0,4.0,-1.0,-20.0
Obama 2013,DJ-02,306.0,273.0,-33.0,-10.784313725490197
Obama 2013,DJ-03,608.0,619.0,11.0,1.8092105263157896
Obama 2013,DJ-04,258.0,253.0,-5.0,-1.937984496124031
Obama 2013,DJ-05,30.0,29.0,-1.0,-3.3333333333333335
Obama 2013,DK-01,38.0,41.0,3.0,7.894736842105263
Obama 2013,DK-02,350.0,340.0,-10.0,-2.857142857142857
Obama 2013,DK-03,196.0,193.0,-3.0,-1.530612244897959
Obama 2013,DK-04,26.0,25.0,-1.0,-3.8461538461538463
Obama 2013,DN-01,6.0,5.0,-1.0,-16.666666666666664
Obama 2013,DN-02,9.0,10.0,1.0,11.11111111111111
Obama 2013,DN-03,10.0,10.0,0.0,0.0
Obama 2013,DN-04,24.0,23.0,-1.0,-4.166666666666666
Obama 2013,DN-05,28.0,28.0,0.0,0.0
Obama 2013,DO-01,67.0,63.0,-4.0,-5.970149253731343
Obama 2013,DO-02,210.0,215.0,5.0,2.380952380952381
Obama 2013,DO-03,62.0,69.0,7.0,11.29032258064516
Obama 2013,DO-04,20.0,25.0,5.0,25.0
Obama 2013,DP-01,34.0,27.0,-7.0,-20.588235294117645
Obama 2013,DP-02,225.0,185.0,-40.0,-17.77777777777778
Obama 2013,DP-03,918.0,935.0,17.0,1.8518518518518516
Obama 2013,DP-04,3339.0,3376.0,37.0,1.108116202455825
Obama 2013,DP-05,1281.0,1299.0,18.0,1.405152224824356
Obama 2013,DR-00,1.0,0.0,-1.0,-100.0
Obama 2013,DR-01,152.0,105.0,-47.0,-30.92105263157895
Obama 2013,DR-02,962.0,967.0,5.0,0.5197505197505198
Obama 2013,DR-03,1067.0,1093.0,26.0,2.436738519212746
Obama 2013,DR-04,593.0,618.0,25.0,4.215851602023609
Obama 2013,DS-01,4.0,3.0,-1.0,-25.0
Obama 2013,DS-02,11.0,8.0,-3.0,-27.27272727272727
Obama 2013,DS-03,76.0,70.0,-6.0,-7.894736842105263
Obama 2013,DS-04,220.0,234.0,14.0,6.363636363636363
Obama 2013,DS-05,322.0,319.0,-3.0,-0.9316770186335404
Obama 2013,DS-06,135.0,143.0,8.0,5.9259259259259265
Obama 2013,DT-00,1.0,1.0,0.0,0.0
Obama 2013,DT-01,42.0,30.0,-12.0,-28.57142857142857
Obama 2013,DT-02,31.0,30.0,-1.0,-3.225806451612903
Obama 2013,DT-03,60.0,61.0,1.0,1.6666666666666667
Obama 2013,DT-04,268.0,261.0,-7.0,-2.6119402985074625
Obama 2013,DT-05,128.0,126.0,-2.0,-1.5625
Obama 2013,DU-01,3.0,7.0,4.0,133.33333333333331
Obama 2013,DU-02,18.0,17.0,-1.0,-5.555555555555555
Obama 2013,DU-03,11.0,9.0,-2.0,-18.181818181818183
Obama 2013,DU-04,1.0,1.0,0.0,0.0
Obama 2013,DX-04,14.0,13.0,-1.0,-7.142857142857142
Obama 2013,ED-00,581.0,547.0,-34.0,-5.851979345955249
Obama 2013,ED-12,1.0,0.0,-1.0,-100.0
Obama 2013,ED-13,2.0,2.0,0.0,0.0
Obama 2013,ED-14,3.0,2.0,-1.0,-33.33333333333333
Obama 2013,ED-15,59.0,50.0,-9.0,-15.254237288135593
Obama 2013,EE-00,287.0,270.0,-17.0,-5.923344947735192
Obama 2013,EF-00,1378.0,1358.0,-20.0,-1.4513788098693758
Obama 2013,EF-13,3.0,2.0,-1.0,-33.33333333333333
Obama 2013,EF-14,7.0,12.0,5.0,71.42857142857143
Obama 2013,EF-15,57.0,53.0,-4.0,-7.017543859649122
Obama 2013,EG-00,2320.0,2362.0,42.0,1.810344827586207
Obama 2013,EH-00,780.0,725.0,-55.0,-7.051282051282051
Obama 2013,EI-00,2121.0,2096.0,-25.0,-1.1786892975011787
Obama 2013,EJ-03,13.0,10.0,-3.0,-23.076923076923077
Obama 2013,EJ-04,78.0,80.0,2.0,2.564102564102564
Obama 2013,EJ-05,26.0,30.0,4.0,15.384615384615385
Obama 2013,EK-03,1.0,2.0,1.0,100.0
Obama 2013,EK-04,14.0,13.0,-1.0,-7.142857142857142
Obama 2013,EK-05,13.0,17.0,4.0,30.76923076923077
Obama 2013,EL-04,10.0,3.0,-7.0,-70.0
Obama 2013,EL-05,3.0,4.0,1.0,33.33333333333333
Obama 2013,EL-06,1.0,1.0,0.0,0.0
Obama 2013,EL-07,14.0,14.0,0.0,0.0
Obama 2013,EL-08,11.0,10.0,-1.0,-9.090909090909092
Obama 2013,EL-09,29.0,29.0,0.0,0.0
Obama 2013,EL-10,6.0,5.0,-1.0,-16.666666666666664
Obama 2013,EL-11,39.0,28.0,-11.0,-28.205128205128204
Obama 2013,EL-12,52.0,58.0,6.0,11.538461538461538
Obama 2013,EL-13,126.0,129.0,3.0,2.380952380952381
Obama 2013,EL-14,174.0,175.0,1.0,0.5747126436781609
Obama 2013,EL-15,173.0,186.0,13.0,7.514450867052023
Obama 2013,EM-00,123.0,124.0,1.0,0.8130081300813009
Obama 2013,EN-03,1.0,1.0,0.0,0.0
Obama 2013,EN-04,8.0,12.0,4.0,50.0
Obama 2013,EN-05,6.0,12.0,6.0,100.0
Obama 2013,ER-01,9.0,10.0,1.0,11.11111111111111
Obama 2013,ER-03,1.0,1.0,0.0,0.0
Obama 2013,ET-02,3.0,3.0,0.0,0.0
Obama 2013,ET-03,3.0,2.0,-1.0,-33.33333333333333
Obama 2013,EV-01,24.0,23.0,-1.0,-4.166666666666666
Obama 2013,EV-02,143.0,143.0,0.0,0.0
Obama 2013,EV-03,19.0,19.0,0.0,0.0
Obama 2013,EX-01,17.0,14.0,-3.0,-17.647058823529413
Obama 2013,EX-02,44.0,43.0,-1.0,-2.272727272727273
Obama 2013,EX-03,108.0,104.0,-4.0,-3.7037037037037033
Obama 2013,EX-04,273.0,243.0,-30.0,-10.989010989010989
Obama 2013,EX-05,19.0,16.0,-3.0,-15.789473684210526
Obama 2013,FC-10,1.0,1.0,0.0,0.0
Obama 2013,FC-11,2.0,1.0,-1.0,-50.0
Obama 2013,FE-01,34.0,28.0,-6.0,-17.647058823529413
Obama 2013,FE-02,60.0,56.0,-4.0,-6.666666666666667
Obama 2013,FE-03,183.0,172.0,-11.0,-6.0109289617486334
Obama 2013,FG-01,123.0,198.0,75.0,60.97560975609756
Obama 2013,FG-03,1.0,1.0,0.0,0.0
Obama 2013,FG-04,2.0,2.0,0.0,0.0
Obama 2013,FG-05,32.0,20.0,-12.0,-37.5
Obama 2013,FG-06,256.0,248.0,-8.0,-3.125
Obama 2013,FG-07,56.0,55.0,-1.0,-1.7857142857142856
Obama 2013,FG-08,15.0,13.0,-2.0,-13.333333333333334
Obama 2013,FG-09,149.0,157.0,8.0,5.369127516778524
Obama 2013,FG-10,58.0,60.0,2.0,3.4482758620689653
Obama 2013,FG-11,201.0,193.0,-8.0,-3.9800995024875623
Obama 2013,FG-12,406.0,354.0,-52.0,-12.807881773399016
Obama 2013,FG-13,2364.0,2345.0,-19.0,-0.8037225042301184
Obama 2013,FG-14,2038.0,2017.0,-21.0,-1.030421982335623
Obama 2013,FG-15,34.0,31.0,-3.0,-8.823529411764707
Obama 2013,FJ-00,3.0,3.0,0.0,0.0
Obama 2013,FL-06,2.0,2.0,0.0,0.0
Obama 2013,FL-07,1.0,1.0,0.0,0.0
Obama 2013,FL-08,1.0,1.0,0.0,0.0
Obama 2013,FL-10,3.0,3.0,0.0,0.0
Obama 2013,FL-11,9.0,8.0,-1.0,-11.11111111111111
Obama 2013,FL-12,1.0,1.0,0.0,0.0
Obama 2013,FL-14,1.0,1.0,0.0,0.0
Obama 2013,FO-01,314.0,346.0,32.0,10.191082802547772
Obama 2013,FO-02,291.0,309.0,18.0,6.185567010309279
Obama 2013,FO-03,205.0,205.0,0.0,0.0
Obama 2013,FO-04,6.0,8.0,2.0,33.33333333333333
Obama 2013,FP-01,247.0,236.0,-11.0,-4.4534412955465585
Obama 2013,FP-02,531.0,531.0,0.0,0.0
Obama 2013,FP-03,520.0,543.0,23.0,4.423076923076923
Obama 2013,FP-04,706.0,710.0,4.0,0.56657223796034
Obama 2013,FP-05,373.0,279.0,-94.0,-25.201072386058982
Obama 2013,FP-06,80.0,58.0,-22.0,-27.500000000000004
Obama 2013,FP-07,70.0,76.0,6.0,8.571428571428571
Obama 2013,FP-08,1.0,1.0,0.0,0.0
Obama 2013,FP-09,14.0,12.0,-2.0,-14.285714285714285
Obama 2013,FS-07,5.0,5.0,0.0,0.0
Obama 2013,FW-03,3.0,3.0,0.0,0.0
Obama 2013,FW-05,1.0,1.0,0.0,0.0
Obama 2013,FW-06,35.0,32.0,-3.0,-8.571428571428571
Obama 2013,FW-07,27.0,27.0,0.0,0.0
Obama 2013,FW-08,15.0,15.0,0.0,0.0
Obama 2013,FW-09,2.0,3.0,1.0,50.0
Obama 2013,FW-10,34.0,34.0,0.0,0.0
Obama 2013,FW-11,52.0,53.0,1.0,1.9230769230769231
Obama 2013,FW-12,3.0,3.0,0.0,0.0
Obama 2013,FW-14,5.0,5.0,0.0,0.0
Obama 2013,GE-00,20.0,21.0,1.0,5.0
Obama 2013,GG-01,6.0,24.0,18.0,300.0
Obama 2013,GG-02,63.0,40.0,-23.0,-36.507936507936506
Obama 2013,GG-03,157.0,105.0,-52.0,-33.12101910828025
Obama 2013,GG-04,566.0,994.0,428.0,75.61837455830388
Obama 2013,GG-05,327.0,277.0,-50.0,-15.29051987767584
Obama 2013,GG-06,335.0,334.0,-1.0,-0.2985074626865672
Obama 2013,GG-07,662.0,598.0,-64.0,-9.667673716012084
Obama 2013,GG-08,206.0,198.0,-8.0,-3.8834951456310676
Obama 2013,GG-09,1006.0,934.0,-72.0,-7.157057654075547
Obama 2013,GG-10,133.0,125.0,-8.0,-6.015037593984962
Obama 2013,GG-11,2167.0,2156.0,-11.0,-0.5076142131979695
Obama 2013,GG-12,4625.0,4642.0,17.0,0.3675675675675676
Obama 2013,GG-13,7262.0,7299.0,37.0,0.509501514734233
Obama 2013,GG-14,3819.0,3845.0,26.0,0.6808064938465567
Obama 2013,GG-15,2008.0,1994.0,-14.0,-0.697211155378486
Obama 2013,GH-13,1.0,1.0,0.0,0.0
Obama 2013,GI-12,2.0,0.0,-2.0,-100.0
Obama 2013,GI-13,1.0,1.0,0.0,0.0
Obama 2013,GI-14,1.0,0.0,-1.0,-100.0
Obama 2013,GI-15,0.0,1.0,1.0,100.0
Obama 2013,GL-03,1.0,1.0,0.0,0.0
Obama 2013,GL-04,60.0,58.0,-2.0,-3.3333333333333335
Obama 2013,GL-05,2040.0,2090.0,50.0,2.450980392156863
Obama 2013,GL-06,2150.0,2156.0,6.0,0.27906976744186046
Obama 2013,GL-07,10003.0,9516.0,-487.0,-4.86853943816855
Obama 2013,GL-08,6914.0,6827.0,-87.0,-1.2583164593578247
Obama 2013,GL-09,10341.0,9867.0,-474.0,-4.583695967507978
Obama 2013,GL-10,1564.0,1470.0,-94.0,-6.010230179028133
Obama 2013,GM-13,437.0,368.0,-69.0,-15.789473684210526
Obama 2013,GM-14,392.0,345.0,-47.0,-11.989795918367346
Obama 2013,GM-15,678.0,602.0,-76.0,-11.209439528023598
Obama 2013,GP-11,58.0,47.0,-11.0,-18.96551724137931
Obama 2013,GP-12,265.0,262.0,-3.0,-1.1320754716981132
Obama 2013,GP-13,324.0,308.0,-16.0,-4.938271604938271
Obama 2013,GP-14,1424.0,1424.0,0.0,0.0
Obama 2013,GP-15,2117.0,2173.0,56.0,2.6452527161076995
Obama 2013,GR-13,2.0,2.0,0.0,0.0
Obama 2013,GR-14,3.0,1.0,-2.0,-66.66666666666666
Obama 2013,GR-15,13.0,12.0,-1.0,-7.6923076923076925
Obama 2013,GS-01,1656.0,914.0,-742.0,-44.806763285024154
Obama 2013,GS-02,3709.0,2905.0,-804.0,-21.67700188730116
Obama 2013,GS-03,15865.0,14023.0,-1842.0,-11.6104632839584
Obama 2013,GS-04,48865.0,45468.0,-3397.0,-6.9518059961117356
Obama 2013,GS-05,92512.0,88943.0,-3569.0,-3.857877896921481
Obama 2013,GS-06,83091.0,83300.0,209.0,0.2515314534666811
Obama 2013,GS-07,124991.0,122512.0,-2479.0,-1.9833428006816491
Obama 2013,GS-08,52117.0,52105.0,-12.0,-0.023025116564652608
Obama 2013,GS-09,128525.0,126797.0,-1728.0,-1.3444855086559035
Obama 2013,GS-10,14689.0,14335.0,-354.0,-2.4099666417046772
Obama 2013,GS-11,206355.0,203054.0,-3301.0,-1.599670470790628
Obama 2013,GS-12,282865.0,285466.0,2601.0,0.9195199123256677
Obama 2013,GS-13,234889.0,236242.0,1353.0,0.5760167568511084
Obama 2013,GS-14,112243.0,113007.0,764.0,0.6806660548987464
Obama 2013,GS-15,55924.0,56030.0,106.0,0.18954295114798655
Obama 2013,IA-01,2.0,0.0,-2.0,-100.0
Obama 2013,IA-02,0.0,1.0,1.0,100.0
Obama 2013,IA-03,3.0,1.0,-2.0,-66.66666666666666
Obama 2013,IA-04,1.0,1.0,0.0,0.0
Obama 2013,IA-05,1.0,1.0,0.0,0.0
Obama 2013,IE-00,60.0,60.0,0.0,0.0
Obama 2013,IG-00,20.0,20.0,0.0,0.0
Obama 2013,IJ-00,263.0,260.0,-3.0,-1.1406844106463878
Obama 2013,IP-00,135.0,130.0,-5.0,-3.7037037037037033
Obama 2013,KA-00,43.0,42.0,-1.0,-2.3255813953488373
Obama 2013,KB-00,111.0,111.0,0.0,0.0
Obama 2013,KE-00,66.0,65.0,-1.0,-1.5151515151515151
Obama 2013,KG-01,4.0,3.0,-1.0,-25.0
Obama 2013,KG-03,98.0,108.0,10.0,10.204081632653061
Obama 2013,KG-05,159.0,155.0,-4.0,-2.515723270440252
Obama 2013,KG-06,34.0,32.0,-2.0,-5.88235294117647
Obama 2013,KG-07,28.0,29.0,1.0,3.571428571428571
Obama 2013,KG-08,21.0,22.0,1.0,4.761904761904762
Obama 2013,KG-09,8.0,8.0,0.0,0.0
Obama 2013,KI-00,176.0,172.0,-4.0,-2.272727272727273
Obama 2013,KJ-00,20.0,24.0,4.0,20.0
Obama 2013,KJ-02,1.0,1.0,0.0,0.0
Obama 2013,KL-03,1.0,1.0,0.0,0.0
Obama 2013,KL-05,5.0,3.0,-2.0,-40.0
Obama 2013,KM-00,71.0,71.0,0.0,0.0
Obama 2013,KO-00,34.0,34.0,0.0,0.0
Obama 2013,KP-00,38.0,40.0,2.0,5.263157894736842
Obama 2013,KP-02,8.0,8.0,0.0,0.0
Obama 2013,KS-01,1.0,1.0,0.0,0.0
Obama 2013,KS-03,2.0,2.0,0.0,0.0
Obama 2013,KS-04,1.0,1.0,0.0,0.0
Obama 2013,KS-05,4.0,3.0,-1.0,-25.0
Obama 2013,KS-06,6.0,8.0,2.0,33.33333333333333
Obama 2013,KS-07,14.0,12.0,-2.0,-14.285714285714285
Obama 2013,KS-09,1.0,1.0,0.0,0.0
Obama 2013,KS-10,1.0,1.0,0.0,0.0
Obama 2013,KX-01,30.0,29.0,-1.0,-3.3333333333333335
Obama 2013,KX-03,30.0,29.0,-1.0,-3.3333333333333335
Obama 2013,KX-04,52.0,50.0,-2.0,-3.8461538461538463
Obama 2013,KX-05,77.0,74.0,-3.0,-3.896103896103896
Obama 2013,KX-06,48.0,48.0,0.0,0.0
Obama 2013,KX-07,22.0,22.0,0.0,0.0
Obama 2013,KX-08,1.0,1.0,0.0,0.0
Obama 2013,KY-03,65.0,69.0,4.0,6.153846153846154
Obama 2013,LE-01,1122.0,1085.0,-37.0,-3.297682709447415
Obama 2013,LE-04,165.0,164.0,-1.0,-0.6060606060606061
Obama 2013,LE-05,56.0,62.0,6.0,10.714285714285714
Obama 2013,LE-07,22.0,22.0,0.0,0.0
Obama 2013,LE-08,14.0,14.0,0.0,0.0
Obama 2013,LE-09,4.0,5.0,1.0,25.0
Obama 2013,LE-11,1.0,1.0,0.0,0.0
Obama 2013,LL-01,71.0,68.0,-3.0,-4.225352112676056
Obama 2013,MC-02,51.0,53.0,2.0,3.9215686274509802
Obama 2013,MC-03,129.0,134.0,5.0,3.875968992248062
Obama 2013,MC-04,67.0,71.0,4.0,5.970149253731343
Obama 2013,MC-05,22.0,21.0,-1.0,-4.545454545454546
Obama 2013,NA-01,12.0,10.0,-2.0,-16.666666666666664
Obama 2013,NA-02,1213.0,1237.0,24.0,1.9785655399835118
Obama 2013,NA-03,380.0,372.0,-8.0,-2.1052631578947367
Obama 2013,NA-04,219.0,216.0,-3.0,-1.36986301369863
Obama 2013,NA-05,79.0,78.0,-1.0,-1.2658227848101267
Obama 2013,NA-06,41.0,39.0,-2.0,-4.878048780487805
Obama 2013,NA-07,3.0,3.0,0.0,0.0
Obama 2013,NA-08,6.0,6.0,0.0,0.0
Obama 2013,NB-01,19.0,12.0,-7.0,-36.84210526315789
Obama 2013,NB-02,78.0,57.0,-21.0,-26.923076923076923
Obama 2013,NB-03,369.0,395.0,26.0,7.046070460704606
Obama 2013,NB-04,643.0,625.0,-18.0,-2.7993779160186625
Obama 2013,NB-05,1170.0,1218.0,48.0,4.102564102564102
Obama 2013,NB-06,1169.0,1187.0,18.0,1.5397775876817792
Obama 2013,NB-07,311.0,310.0,-1.0,-0.3215434083601286
Obama 2013,NB-08,41.0,40.0,-1.0,-2.4390243902439024
Obama 2013,NB-09,7.0,8.0,1.0,14.285714285714285
Obama 2013,NC-01,69.0,52.0,-17.0,-24.637681159420293
Obama 2013,NC-02,205.0,194.0,-11.0,-5.365853658536586
Obama 2013,NC-03,32.0,32.0,0.0,0.0
Obama 2013,ND-01,59.0,27.0,-32.0,-54.23728813559322
Obama 2013,ND-02,304.0,277.0,-27.0,-8.881578947368421
Obama 2013,ND-03,1050.0,881.0,-169.0,-16.095238095238095
Obama 2013,ND-04,9896.0,10092.0,196.0,1.9805982215036377
Obama 2013,ND-05,2204.0,2190.0,-14.0,-0.6352087114337568
Obama 2013,ND-06,7.0,8.0,1.0,14.285714285714285
Obama 2013,NG-01,84.0,77.0,-7.0,-8.333333333333332
Obama 2013,NG-02,197.0,191.0,-6.0,-3.0456852791878175
Obama 2013,NG-03,337.0,338.0,1.0,0.2967359050445104
Obama 2013,NG-04,101.0,93.0,-8.0,-7.920792079207921
Obama 2013,NG-05,5.0,5.0,0.0,0.0
Obama 2013,NH-01,3.0,3.0,0.0,0.0
Obama 2013,NH-02,1659.0,1710.0,51.0,3.074141048824593
Obama 2013,NH-03,6983.0,7063.0,80.0,1.145639409995704
Obama 2013,NH-04,6088.0,6080.0,-8.0,-0.1314060446780552
Obama 2013,NJ-01,1.0,1.0,0.0,0.0
Obama 2013,NJ-02,112.0,106.0,-6.0,-5.357142857142857
Obama 2013,NJ-03,228.0,220.0,-8.0,-3.508771929824561
Obama 2013,NJ-04,54.0,58.0,4.0,7.4074074074074066
Obama 2013,NK-01,18.0,9.0,-9.0,-50.0
Obama 2013,NK-02,435.0,434.0,-1.0,-0.22988505747126436
Obama 2013,NK-03,188.0,173.0,-15.0,-7.9787234042553195
Obama 2013,NL-02,3.0,3.0,0.0,0.0
Obama 2013,NL-03,17.0,21.0,4.0,23.52941176470588
Obama 2013,NL-04,35.0,36.0,1.0,2.857142857142857
Obama 2013,NL-05,41.0,37.0,-4.0,-9.75609756097561
Obama 2013,NL-06,6.0,7.0,1.0,16.666666666666664
Obama 2013,NL-07,5.0,5.0,0.0,0.0
Obama 2013,NM-02,2.0,1.0,-1.0,-50.0
Obama 2013,NM-03,22.0,22.0,0.0,0.0
Obama 2013,NM-04,616.0,619.0,3.0,0.487012987012987
Obama 2013,NM-05,1000.0,993.0,-7.0,-0.7000000000000001
Obama 2013,NN-03,3.0,8.0,5.0,166.66666666666669
Obama 2013,NN-04,16.0,37.0,21.0,131.25
Obama 2013,NO-01,18.0,18.0,0.0,0.0
Obama 2013,NO-02,261.0,246.0,-15.0,-5.747126436781609
Obama 2013,NO-03,494.0,511.0,17.0,3.4412955465587043
Obama 2013,NO-04,1607.0,1674.0,67.0,4.169259489732421
Obama 2013,NO-05,1197.0,1299.0,102.0,8.521303258145362
Obama 2013,NO-06,163.0,177.0,14.0,8.588957055214724
Obama 2013,NP-01,5.0,8.0,3.0,60.0
Obama 2013,NP-02,80.0,67.0,-13.0,-16.25
Obama 2013,NP-03,870.0,873.0,3.0,0.3448275862068966
Obama 2013,NP-04,803.0,792.0,-11.0,-1.36986301369863
Obama 2013,NP-05,12.0,11.0,-1.0,-8.333333333333332
Obama 2013,NQ-01,1.0,0.0,-1.0,-100.0
Obama 2013,NQ-02,5.0,8.0,3.0,60.0
Obama 2013,NQ-03,18.0,23.0,5.0,27.77777777777778
Obama 2013,NQ-04,5.0,12.0,7.0,140.0
Obama 2013,NR-01,45.0,31.0,-14.0,-31.11111111111111
Obama 2013,NR-02,24.0,23.0,-1.0,-4.166666666666666
Obama 2013,NR-03,47.0,44.0,-3.0,-6.382978723404255
Obama 2013,NR-04,507.0,506.0,-1.0,-0.19723865877712032
Obama 2013,NR-05,159.0,154.0,-5.0,-3.1446540880503147
Obama 2013,NS-01,2.0,2.0,0.0,0.0
Obama 2013,NS-03,7.0,5.0,-2.0,-28.57142857142857
Obama 2013,NS-04,18.0,17.0,-1.0,-5.555555555555555
Obama 2013,NS-05,21.0,23.0,2.0,9.523809523809524
Obama 2013,NS-06,23.0,24.0,1.0,4.3478260869565215
Obama 2013,NS-07,8.0,10.0,2.0,25.0
Obama 2013,NT-01,22.0,10.0,-12.0,-54.54545454545454
Obama 2013,NT-02,49.0,46.0,-3.0,-6.122448979591836
Obama 2013,NT-03,336.0,341.0,5.0,1.488095238095238
Obama 2013,NT-04,1741.0,1773.0,32.0,1.8380241240666284
Obama 2013,NT-05,2036.0,2075.0,39.0,1.9155206286836934
Obama 2013,NT-06,188.0,190.0,2.0,1.0638297872340425
Obama 2013,NU-02,2.0,3.0,1.0,50.0
Obama 2013,NX-01,42.0,42.0,0.0,0.0
Obama 2013,NX-02,17.0,14.0,-3.0,-17.647058823529413
Obama 2013,NY-01,45.0,41.0,-4.0,-8.88888888888889
Obama 2013,NY-02,83.0,85.0,2.0,2.4096385542168677
Obama 2013,NY-03,321.0,347.0,26.0,8.09968847352025
Obama 2013,NY-04,90.0,86.0,-4.0,-4.444444444444445
Obama 2013,NZ-07,22.0,22.0,0.0,0.0
Obama 2013,NZ-08,8.0,8.0,0.0,0.0
Obama 2013,NZ-09,1.0,1.0,0.0,0.0
Obama 2013,NZ-10,1.0,0.0,-1.0,-100.0
Obama 2013,OR-02,2.0,1.0,-1.0,-50.0
Obama 2013,OR-03,5.0,4.0,-1.0,-20.0
Obama 2013,OR-04,12.0,15.0,3.0,25.0
Obama 2013,OR-05,25.0,36.0,11.0,44.0
Obama 2013,OR-06,16.0,29.0,13.0,81.25
Obama 2013,OR-07,18.0,19.0,1.0,5.555555555555555
Obama 2013,OR-08,5.0,6.0,1.0,20.0
Obama 2013,PD-01,16.0,8.0,-8.0,-50.0
Obama 2013,PD-02,87.0,50.0,-37.0,-42.5287356321839
Obama 2013,PD-03,241.0,53.0,-188.0,-78.00829875518673
Obama 2013,PD-04,37.0,26.0,-11.0,-29.72972972972973
Obama 2013,PG-02,1.0,1.0,0.0,0.0
Obama 2013,PG-03,4.0,4.0,0.0,0.0
Obama 2013,PG-04,9.0,8.0,-1.0,-11.11111111111111
Obama 2013,PG-05,38.0,44.0,6.0,15.789473684210526
Obama 2013,PG-06,33.0,32.0,-1.0,-3.0303030303030303
Obama 2013,PG-07,64.0,62.0,-2.0,-3.125
Obama 2013,PG-08,15.0,17.0,2.0,13.333333333333334
Obama 2013,PG-09,42.0,41.0,-1.0,-2.380952380952381
Obama 2013,PG-10,5.0,4.0,-1.0,-20.0
Obama 2013,PG-11,50.0,48.0,-2.0,-4.0
Obama 2013,PG-12,260.0,248.0,-12.0,-4.615384615384616
Obama 2013,PG-13,181.0,187.0,6.0,3.314917127071823
Obama 2013,PG-14,100.0,106.0,6.0,6.0
Obama 2013,PG-15,63.0,63.0,0.0,0.0
Obama 2013,PQ-05,12.0,18.0,6.0,50.0
Obama 2013,PQ-06,2.0,2.0,0.0,0.0
Obama 2013,PQ-07,3.0,3.0,0.0,0.0
Obama 2013,PQ-09,2.0,2.0,0.0,0.0
Obama 2013,PU-03,2.0,2.0,0.0,0.0
Obama 2013,PU-05,6.0,6.0,0.0,0.0
Obama 2013,PU-07,2.0,2.0,0.0,0.0
Obama 2013,PU-09,2.0,2.0,0.0,0.0
Obama 2013,PU-11,1.0,1.0,0.0,0.0
Obama 2013,PU-12,19.0,18.0,-1.0,-5.263157894736842
Obama 2013,PU-13,13.0,12.0,-1.0,-7.6923076923076925
Obama 2013,PU-14,8.0,10.0,2.0,25.0
Obama 2013,PU-15,1.0,1.0,0.0,0.0
Obama 2013,PZ-05,9.0,9.0,0.0,0.0
Obama 2013,PZ-06,2.0,1.0,-1.0,-50.0
Obama 2013,PZ-07,4.0,4.0,0.0,0.0
Obama 2013,PZ-09,2.0,2.0,0.0,0.0
Obama 2013,RA-00,19.0,19.0,0.0,0.0
Obama 2013,RS-00,166.0,167.0,1.0,0.6024096385542169
Obama 2013,SK-02,3.0,1.0,-2.0,-66.66666666666666
Obama 2013,SK-03,1.0,3.0,2.0,200.0
Obama 2013,SK-04,28.0,25.0,-3.0,-10.714285714285714
Obama 2013,SK-05,14.0,11.0,-3.0,-21.428571428571427
Obama 2013,SK-06,22.0,22.0,0.0,0.0
Obama 2013,SK-07,108.0,110.0,2.0,1.8518518518518516
Obama 2013,SK-08,35.0,29.0,-6.0,-17.142857142857142
Obama 2013,SK-09,66.0,74.0,8.0,12.121212121212121
Obama 2013,SK-10,8.0,7.0,-1.0,-12.5
Obama 2013,SK-11,135.0,164.0,29.0,21.48148148148148
Obama 2013,SK-12,198.0,245.0,47.0,23.737373737373737
Obama 2013,SK-13,391.0,440.0,49.0,12.531969309462914
Obama 2013,SK-14,1691.0,1727.0,36.0,2.1289178001182734
Obama 2013,SK-15,296.0,314.0,18.0,6.081081081081082
Obama 2013,SK-16,419.0,439.0,20.0,4.77326968973747
Obama 2013,SK-17,354.0,358.0,4.0,1.1299435028248588
Obama 2013,SL-00,765.0,774.0,9.0,1.1764705882352942
Obama 2013,SN-00,84.0,77.0,-7.0,-8.333333333333332
Obama 2013,SO-01,26.0,21.0,-5.0,-19.230769230769234
Obama 2013,SO-02,96.0,106.0,10.0,10.416666666666668
Obama 2013,SO-03,5.0,2.0,-3.0,-60.0
Obama 2013,SP-01,453.0,446.0,-7.0,-1.545253863134658
Obama 2013,SP-03,15.0,16.0,1.0,6.666666666666667
Obama 2013,SP-04,115.0,115.0,0.0,0.0
Obama 2013,SP-05,38.0,33.0,-5.0,-13.157894736842104
Obama 2013,SP-07,21.0,18.0,-3.0,-14.285714285714285
Obama 2013,SP-08,6.0,7.0,1.0,16.666666666666664
Obama 2013,SP-09,3.0,3.0,0.0,0.0
Obama 2013,SP-11,1.0,1.0,0.0,0.0
Obama 2013,SQ-00,1.0,1.0,0.0,0.0
Obama 2013,SR-00,151.0,152.0,1.0,0.6622516556291391
Obama 2013,SS-00,2.0,1.0,-1.0,-50.0
Obama 2013,SS-01,25.0,27.0,2.0,8.0
Obama 2013,SS-02,12.0,15.0,3.0,25.0
Obama 2013,SS-03,11.0,9.0,-2.0,-18.181818181818183
Obama 2013,ST-00,397.0,394.0,-3.0,-0.7556675062972292
Obama 2013,SW-01,17.0,19.0,2.0,11.76470588235294
Obama 2013,SW-02,101.0,101.0,0.0,0.0
Obama 2013,TR-06,6.0,7.0,1.0,16.666666666666664
Obama 2013,TR-07,31.0,17.0,-14.0,-45.16129032258064
Obama 2013,TR-08,325.0,336.0,11.0,3.3846153846153846
Obama 2013,TR-09,62.0,64.0,2.0,3.225806451612903
Obama 2013,TR-10,40.0,40.0,0.0,0.0
Obama 2013,TR-11,4.0,5.0,1.0,25.0
Obama 2013,TR-12,11.0,12.0,1.0,9.090909090909092
Obama 2013,TR-13,1.0,1.0,0.0,0.0
Obama 2013,TR-14,9.0,9.0,0.0,0.0
Obama 2013,VC-00,12.0,11.0,-1.0,-8.333333333333332
Obama 2013,VC-01,10.0,6.0,-4.0,-40.0
Obama 2013,VC-02,420.0,422.0,2.0,0.4761904761904762
Obama 2013,VC-03,166.0,169.0,3.0,1.8072289156626504
Obama 2013,VC-04,193.0,197.0,4.0,2.072538860103627
Obama 2013,VC-05,118.0,106.0,-12.0,-10.16949152542373
Obama 2013,VC-06,38.0,39.0,1.0,2.631578947368421
Obama 2013,VC-07,25.0,27.0,2.0,8.0
Obama 2013,VC-08,4.0,10.0,6.0,150.0
Obama 2013,VC-09,30.0,36.0,6.0,20.0
Obama 2013,VC-10,65.0,63.0,-2.0,-3.076923076923077
Obama 2013,VC-11,72.0,77.0,5.0,6.944444444444445
Obama 2013,VC-12,51.0,49.0,-2.0,-3.9215686274509802
Obama 2013,VC-13,26.0,27.0,1.0,3.8461538461538463
Obama 2013,VC-14,34.0,34.0,0.0,0.0
Obama 2013,VC-15,38.0,36.0,-2.0,-5.263157894736842
Obama 2013,VC-16,30.0,31.0,1.0,3.3333333333333335
Obama 2013,VC-17,6.0,6.0,0.0,0.0
Obama 2013,VE-01,2.0,0.0,-2.0,-100.0
Obama 2013,VE-02,2.0,0.0,-2.0,-100.0
Obama 2013,VE-03,9.0,11.0,2.0,22.22222222222222
Obama 2013,VH-30,0.0,1.0,1.0,100.0
Obama 2013,VH-31,1.0,1.0,0.0,0.0
Obama 2013,VH-32,3.0,4.0,1.0,33.33333333333333
Obama 2013,VH-33,2.0,2.0,0.0,0.0
Obama 2013,VH-34,14.0,15.0,1.0,7.142857142857142
Obama 2013,VH-35,20.0,19.0,-1.0,-5.0
Obama 2013,VH-36,10.0,9.0,-1.0,-10.0
Obama 2013,VH-37,30.0,23.0,-7.0,-23.333333333333332
Obama 2013,VH-38,41.0,44.0,3.0,7.317073170731707
Obama 2013,VH-39,53.0,49.0,-4.0,-7.547169811320755
Obama 2013,VH-40,60.0,56.0,-4.0,-6.666666666666667
Obama 2013,VH-41,32.0,33.0,1.0,3.125
Obama 2013,VH-42,11.0,10.0,-1.0,-9.090909090909092
Obama 2013,VH-43,5.0,5.0,0.0,0.0
Obama 2013,VH-44,11.0,9.0,-2.0,-18.181818181818183
Obama 2013,VH-45,1.0,1.0,0.0,0.0
Obama 2013,VN-01,10375.0,10578.0,203.0,1.9566265060240964
Obama 2013,VN-02,27043.0,27674.0,631.0,2.333321007284695
Obama 2013,VN-03,13213.0,13414.0,201.0,1.5212290925603573
Obama 2013,VN-04,853.0,855.0,2.0,0.23446658851113714
Obama 2013,VN-05,244.0,238.0,-6.0,-2.459016393442623
Obama 2013,VN-06,1.0,1.0,0.0,0.0
Obama 2013,VN-08,7.0,6.0,-1.0,-14.285714285714285
Obama 2013,VN-09,38.0,35.0,-3.0,-7.894736842105263
Obama 2013,VN-11,123.0,113.0,-10.0,-8.130081300813007
Obama 2013,VN-12,871.0,893.0,22.0,2.525832376578645
Obama 2013,VN-13,699.0,705.0,6.0,0.8583690987124464
Obama 2013,VP-11,3.0,2.0,-1.0,-33.33333333333333
Obama 2013,VP-12,62.0,65.0,3.0,4.838709677419355
Obama 2013,VP-13,251.0,250.0,-1.0,-0.398406374501992
Obama 2013,VP-14,239.0,251.0,12.0,5.02092050209205
Obama 2013,VP-15,229.0,241.0,12.0,5.240174672489083
Obama 2013,WA-08,16.0,16.0,0.0,0.0
Obama 2013,WA-09,7.0,7.0,0.0,0.0
Obama 2013,WA-10,62.0,57.0,-5.0,-8.064516129032258
Obama 2013,WA-11,43.0,42.0,-1.0,-2.3255813953488373
Obama 2013,WA-14,5.0,5.0,0.0,0.0
Obama 2013,WA-16,2.0,2.0,0.0,0.0
Obama 2013,WB-00,1990.0,1871.0,-119.0,-5.979899497487437
Obama 2013,WB-02,82.0,78.0,-4.0,-4.878048780487805
Obama 2013,WB-04,10.0,10.0,0.0,0.0
Obama 2013,WD-01,2.0,2.0,0.0,0.0
Obama 2013,WD-02,11.0,10.0,-1.0,-9.090909090909092
Obama 2013,WD-03,6.0,7.0,1.0,16.666666666666664
Obama 2013,WD-04,19.0,22.0,3.0,15.789473684210526
Obama 2013,WD-05,61.0,58.0,-3.0,-4.918032786885246
Obama 2013,WD-06,638.0,629.0,-9.0,-1.4106583072100314
Obama 2013,WD-07,142.0,138.0,-4.0,-2.8169014084507045
Obama 2013,WD-08,387.0,373.0,-14.0,-3.6175710594315245
Obama 2013,WD-09,11.0,11.0,0.0,0.0
Obama 2013,WD-10,1.0,1.0,0.0,0.0
Obama 2013,WE-00,674.0,698.0,24.0,3.5608308605341246
Obama 2013,WG-01,2063.0,1894.0,-169.0,-8.191953465826467
Obama 2013,WG-02,11982.0,11935.0,-47.0,-0.3922550492405275
Obama 2013,WG-03,5505.0,5073.0,-432.0,-7.84741144414169
Obama 2013,WG-04,4159.0,4199.0,40.0,0.9617696561673479
Obama 2013,WG-05,12830.0,11434.0,-1396.0,-10.88074824629774
Obama 2013,WG-06,9397.0,9073.0,-324.0,-3.44790890709801
Obama 2013,WG-07,8415.0,7797.0,-618.0,-7.3440285204991085
Obama 2013,WG-08,16767.0,16233.0,-534.0,-3.184827339416711
Obama 2013,WG-09,10823.0,10581.0,-242.0,-2.235978933752194
Obama 2013,WG-10,46986.0,46496.0,-490.0,-1.042863831779679
Obama 2013,WG-11,12797.0,12671.0,-126.0,-0.9846057669766352
Obama 2013,WG-12,5352.0,5249.0,-103.0,-1.9245142002989535
Obama 2013,WG-13,1359.0,1390.0,31.0,2.2810890360559237
Obama 2013,WG-14,313.0,305.0,-8.0,-2.5559105431309903
Obama 2013,WG-15,9.0,10.0,1.0,11.11111111111111
Obama 2013,WJ-03,5.0,4.0,-1.0,-20.0
Obama 2013,WJ-04,6.0,5.0,-1.0,-16.666666666666664
Obama 2013,WJ-05,7.0,7.0,0.0,0.0
Obama 2013,WJ-07,18.0,16.0,-2.0,-11.11111111111111
Obama 2013,WJ-08,28.0,28.0,0.0,0.0
Obama 2013,WJ-10,2.0,3.0,1.0,50.0
Obama 2013,WJ-11,11.0,11.0,0.0,0.0
Obama 2013,WJ-14,3.0,3.0,0.0,0.0
Obama 2013,WJ-15,8.0,8.0,0.0,0.0
Obama 2013,WJ-16,7.0,7.0,0.0,0.0
Obama 2013,WK-05,3.0,3.0,0.0,0.0
Obama 2013,WK-06,1.0,0.0,-1.0,-100.0
Obama 2013,WK-07,2.0,2.0,0.0,0.0
Obama 2013,WK-08,18.0,18.0,0.0,0.0
Obama 2013,WK-10,27.0,31.0,4.0,14.814814814814813
Obama 2013,WK-11,2.0,3.0,1.0,50.0
Obama 2013,WK-12,2.0,1.0,-1.0,-50.0
Obama 2013,WK-13,5.0,4.0,-1.0,-20.0
Obama 2013,WL-02,327.0,339.0,12.0,3.669724770642202
Obama 2013,WL-03,334.0,333.0,-1.0,-0.29940119760479045
Obama 2013,WL-04,247.0,234.0,-13.0,-5.263157894736842
Obama 2013,WL-05,445.0,390.0,-55.0,-12.359550561797752
Obama 2013,WL-06,498.0,484.0,-14.0,-2.8112449799196786
Obama 2013,WL-07,493.0,472.0,-21.0,-4.259634888438134
Obama 2013,WL-08,659.0,642.0,-17.0,-2.579666160849772
Obama 2013,WL-09,977.0,932.0,-45.0,-4.605936540429887
Obama 2013,WL-10,4850.0,4939.0,89.0,1.8350515463917527
Obama 2013,WL-11,1462.0,1457.0,-5.0,-0.3419972640218878
Obama 2013,WL-12,258.0,253.0,-5.0,-1.937984496124031
Obama 2013,WL-13,112.0,110.0,-2.0,-1.7857142857142856
Obama 2013,WL-14,56.0,50.0,-6.0,-10.714285714285714
Obama 2013,WL-15,1.0,1.0,0.0,0.0
Obama 2013,WM-00,74.0,70.0,-4.0,-5.405405405405405
Obama 2013,WM-01,44.0,45.0,1.0,2.272727272727273
Obama 2013,WM-02,75.0,73.0,-2.0,-2.666666666666667
Obama 2013,WM-03,2.0,2.0,0.0,0.0
Obama 2013,WM-05,2.0,2.0,0.0,0.0
Obama 2013,WM-06,26.0,31.0,5.0,19.230769230769234
Obama 2013,WM-07,148.0,134.0,-14.0,-9.45945945945946
Obama 2013,WM-08,507.0,499.0,-8.0,-1.5779092702169626
Obama 2013,WM-09,1456.0,1431.0,-25.0,-1.7170329670329672
Obama 2013,WM-10,906.0,950.0,44.0,4.856512141280353
Obama 2013,WM-11,93.0,109.0,16.0,17.20430107526882
Obama 2013,WM-12,64.0,58.0,-6.0,-9.375
Obama 2013,WM-13,68.0,59.0,-9.0,-13.23529411764706
Obama 2013,WM-14,18.0,19.0,1.0,5.555555555555555
Obama 2013,WM-15,407.0,386.0,-21.0,-5.159705159705159
Obama 2013,WM-16,652.0,662.0,10.0,1.5337423312883436
Obama 2013,WM-18,20.0,16.0,-4.0,-20.0
Obama 2013,WM-20,1.0,1.0,0.0,0.0
Obama 2013,WM-21,22.0,74.0,52.0,236.36363636363637
Obama 2013,WM-22,0.0,1.0,1.0,100.0
Obama 2013,WM-24,4.0,3.0,-1.0,-25.0
Obama 2013,WM-25,289.0,252.0,-37.0,-12.802768166089965
Obama 2013,WM-26,399.0,393.0,-6.0,-1.5037593984962405
Obama 2013,WM-27,290.0,289.0,-1.0,-0.3448275862068966
Obama 2013,WM-28,328.0,320.0,-8.0,-2.4390243902439024
Obama 2013,WM-29,165.0,156.0,-9.0,-5.454545454545454
Obama 2013,WM-34,3.0,3.0,0.0,0.0
Obama 2013,WM-40,6.0,5.0,-1.0,-16.666666666666664
Obama 2013,WM-44,4.0,7.0,3.0,75.0
Obama 2013,WM-45,15.0,9.0,-6.0,-40.0
Obama 2013,WN-04,15.0,17.0,2.0,13.333333333333334
Obama 2013,WN-07,54.0,53.0,-1.0,-1.8518518518518516
Obama 2013,WO-08,11.0,11.0,0.0,0.0
Obama 2013,WO-09,5.0,5.0,0.0,0.0
Obama 2013,WO-10,30.0,28.0,-2.0,-6.666666666666667
Obama 2013,WO-11,29.0,26.0,-3.0,-10.344827586206897
Obama 2013,WQ-10,7.0,7.0,0.0,0.0
Obama 2013,WQ-11,1.0,1.0,0.0,0.0
Obama 2013,WQ-12,1.0,1.0,0.0,0.0
Obama 2013,WQ-14,3.0,2.0,-1.0,-33.33333333333333
Obama 2013,WR-10,3.0,2.0,-1.0,-33.33333333333333
Obama 2013,WS-01,59.0,56.0,-3.0,-5.084745762711865
Obama 2013,WS-02,780.0,783.0,3.0,0.38461538461538464
Obama 2013,WS-03,576.0,573.0,-3.0,-0.5208333333333333
Obama 2013,WS-04,1064.0,1086.0,22.0,2.0676691729323307
Obama 2013,WS-05,449.0,438.0,-11.0,-2.4498886414253898
Obama 2013,WS-06,809.0,791.0,-18.0,-2.2249690976514214
Obama 2013,WS-07,735.0,714.0,-21.0,-2.857142857142857
Obama 2013,WS-08,3448.0,3453.0,5.0,0.14501160092807425
Obama 2013,WS-09,2526.0,2469.0,-57.0,-2.2565320665083135
Obama 2013,WS-10,5888.0,5830.0,-58.0,-0.985054347826087
Obama 2013,WS-11,1751.0,1720.0,-31.0,-1.770416904625928
Obama 2013,WS-12,672.0,665.0,-7.0,-1.0416666666666665
Obama 2013,WS-13,519.0,532.0,13.0,2.5048169556840074
Obama 2013,WS-14,1264.0,1259.0,-5.0,-0.39556962025316456
Obama 2013,WS-15,275.0,270.0,-5.0,-1.8181818181818181
Obama 2013,WS-16,106.0,110.0,4.0,3.7735849056603774
Obama 2013,WS-17,65.0,60.0,-5.0,-7.6923076923076925
Obama 2013,WS-18,23.0,23.0,0.0,0.0
Obama 2013,WT-00,775.0,773.0,-2.0,-0.25806451612903225
Obama 2013,WU-05,1.0,2.0,1.0,100.0
Obama 2013,WU-08,2.0,3.0,1.0,50.0
Obama 2013,WU-09,2.0,0.0,-2.0,-100.0
Obama 2013,WU-10,60.0,52.0,-8.0,-13.333333333333334
Obama 2013,WU-11,14.0,13.0,-1.0,-7.142857142857142
Obama 2013,WU-12,15.0,18.0,3.0,20.0
Obama 2013,WU-13,2.0,2.0,0.0,0.0
Obama 2013,WY-03,26.0,13.0,-13.0,-50.0
Obama 2013,WY-04,2.0,1.0,-1.0,-50.0
Obama 2013,WY-05,49.0,45.0,-4.0,-8.16326530612245
Obama 2013,WY-06,20.0,12.0,-8.0,-40.0
Obama 2013,WY-07,7.0,33.0,26.0,371.42857142857144
Obama 2013,WY-08,387.0,372.0,-15.0,-3.875968992248062
Obama 2013,WY-09,677.0,651.0,-26.0,-3.8404726735598227
Obama 2013,WY-10,122.0,122.0,0.0,0.0
Obama 2013,WY-11,98.0,97.0,-1.0,-1.0204081632653061
Obama 2013,WY-12,7.0,5.0,-2.0,-28.57142857142857
Obama 2013,XA-03,28.0,1.0,-27.0,-96.42857142857143
Obama 2013,XA-05,138.0,24.0,-114.0,-82.6086956521739
Obama 2013,XA-06,1.0,0.0,-1.0,-100.0
Obama 2013,XA-07,69.0,40.0,-29.0,-42.028985507246375
Obama 2013,XA-08,12.0,10.0,-2.0,-16.666666666666664
Obama 2013,XA-09,19.0,20.0,1.0,5.263157894736842
Obama 2013,XA-10,32.0,26.0,-6.0,-18.75
Obama 2013,XB-05,8.0,5.0,-3.0,-37.5
Obama 2013,XB-07,8.0,7.0,-1.0,-12.5
Obama 2013,XC-05,5.0,5.0,0.0,0.0
Obama 2013,XC-08,4.0,4.0,0.0,0.0
Obama 2013,XC-10,13.0,12.0,-1.0,-7.6923076923076925
Obama 2013,XE-00,62.0,67.0,5.0,8.064516129032258
Obama 2013,XF-02,26.0,4.0,-22.0,-84.61538461538461
Obama 2013,XF-03,5.0,3.0,-2.0,-40.0
Obama 2013,XF-04,103.0,12.0,-91.0,-88.3495145631068
Obama 2013,XF-05,26.0,9.0,-17.0,-65.38461538461539
Obama 2013,XF-06,157.0,104.0,-53.0,-33.75796178343949
Obama 2013,XF-07,27.0,22.0,-5.0,-18.51851851851852
Obama 2013,XF-08,78.0,53.0,-25.0,-32.05128205128205
Obama 2013,XF-09,46.0,34.0,-12.0,-26.08695652173913
Obama 2013,XF-10,75.0,68.0,-7.0,-9.333333333333334
Obama 2013,XF-11,49.0,42.0,-7.0,-14.285714285714285
Obama 2013,XF-12,51.0,50.0,-1.0,-1.9607843137254901
Obama 2013,XF-13,3.0,3.0,0.0,0.0
Obama 2013,XF-14,3.0,2.0,-1.0,-33.33333333333333
Obama 2013,XG-04,4.0,1.0,-3.0,-75.0
Obama 2013,XG-06,16.0,17.0,1.0,6.25
Obama 2013,XG-08,5.0,4.0,-1.0,-20.0
Obama 2013,XG-09,1.0,1.0,0.0,0.0
Obama 2013,XG-10,1.0,1.0,0.0,0.0
Obama 2013,XG-11,4.0,3.0,-1.0,-25.0
Obama 2013,XH-06,11.0,10.0,-1.0,-9.090909090909092
Obama 2013,XH-07,40.0,38.0,-2.0,-5.0
Obama 2013,XH-08,61.0,62.0,1.0,1.639344262295082
Obama 2013,XH-09,27.0,27.0,0.0,0.0
Obama 2013,XH-10,30.0,30.0,0.0,0.0
Obama 2013,XH-11,37.0,32.0,-5.0,-13.513513513513514
Obama 2013,XH-12,35.0,33.0,-2.0,-5.714285714285714
Obama 2013,XH-13,20.0,21.0,1.0,5.0
Obama 2013,XH-14,18.0,17.0,-1.0,-5.555555555555555
Obama 2013,XH-15,15.0,13.0,-2.0,-13.333333333333334
Obama 2013,XH-16,15.0,16.0,1.0,6.666666666666667
Obama 2013,XH-17,5.0,5.0,0.0,0.0
Obama 2013,XI-09,2.0,0.0,-2.0,-100.0
Obama 2013,XI-11,1.0,0.0,-1.0,-100.0
Obama 2013,XL-08,1.0,2.0,1.0,100.0
Obama 2013,XL-09,1.0,0.0,-1.0,-100.0
Obama 2013,XP-05,1.0,1.0,0.0,0.0
Obama 2013,XP-07,4.0,2.0,-2.0,-50.0
Obama 2013,XP-08,8.0,7.0,-1.0,-12.5
Obama 2013,XP-09,2.0,0.0,-2.0,-100.0
Obama 2013,XP-10,1.0,1.0,0.0,0.0
Obama 2013,XS-07,1.0,0.0,-1.0,-100.0
Obama 2013,XS-08,1.0,0.0,-1.0,-100.0
Obama 2013,YB-01,1.0,0.0,-1.0,-100.0
Obama 2013,YC-03,1.0,0.0,-1.0,-100.0
Obama 2013,YD-02,0.0,5.0,5.0,100.0
Obama 2013,YD-03,0.0,1.0,1.0,100.0
Obama 2013,YH-02,0.0,2.0,2.0,100.0
Obama 2013,ZA-01,22.0,19.0,-3.0,-13.636363636363635
Obama 2013,ZA-02,378.0,356.0,-22.0,-5.82010582010582
Obama 2013,ZA-03,1015.0,987.0,-28.0,-2.7586206896551726
Obama 2013,ZA-04,1091.0,1084.0,-7.0,-0.6416131989000917
Obama 2013,ZA-05,269.0,259.0,-10.0,-3.717472118959108
Obama 2013,ZP-01,82.0,60.0,-22.0,-26.82926829268293
Obama 2013,ZP-02,387.0,361.0,-26.0,-6.718346253229974
Obama 2013,ZP-03,2000.0,1965.0,-35.0,-1.7500000000000002
Obama 2013,ZP-04,2503.0,2490.0,-13.0,-0.519376747902517
Obama 2013,ZP-05,916.0,887.0,-29.0,-3.1659388646288207
Obama 2013,ZS-01,58.0,35.0,-23.0,-39.6551724137931
Obama 2013,ZS-02,63.0,57.0,-6.0,-9.523809523809524
Obama 2013,ZS-03,229.0,225.0,-4.0,-1.7467248908296942
Obama 2013,ZS-04,462.0,452.0,-10.0,-2.1645021645021645
Obama 2013,ZS-05,81.0,83.0,2.0,2.4691358024691357
Obama 2013,ZT-01,54.0,35.0,-19.0,-35.18518518518518
Obama 2013,ZT-02,121.0,119.0,-2.0,-1.6528925619834711
Obama 2013,ZT-03,160.0,161.0,1.0,0.625
Obama 2013,ZT-04,229.0,223.0,-6.0,-2.6200873362445414
Obama 2013,ZT-05,26.0,26.0,0.0,0.0
Obama 2013,ZZ-00,546.0,513.0,-33.0,-6.043956043956044
Trump 2017,AA-02,10.0,11.0,1.0,10.0
Trump 2017,AA-04,11.0,7.0,-4.0,-36.36363636363637
Trump 2017,AA-05,19.0,19.0,0.0,0.0
Trump 2017,AA-06,31.0,32.0,1.0,3.225806451612903
Trump 2017,AD-00,13719.0,13822.0,103.0,0.7507835848093884
Trump 2017,AD-01,2489.0,2340.0,-149.0,-5.986339895540378
Trump 2017,AD-02,3325.0,3406.0,81.0,2.43609022556391
Trump 2017,AD-03,1302.0,1304.0,2.0,0.15360983102918588
Trump 2017,AD-04,724.0,733.0,9.0,1.2430939226519337
Trump 2017,AD-05,697.0,698.0,1.0,0.1434720229555237
Trump 2017,AD-06,82.0,89.0,7.0,8.536585365853659
Trump 2017,AD-07,843.0,831.0,-12.0,-1.4234875444839856
Trump 2017,AD-08,33.0,44.0,11.0,33.33333333333333
Trump 2017,AD-09,337.0,339.0,2.0,0.5934718100890208
Trump 2017,AD-10,42.0,51.0,9.0,21.428571428571427
Trump 2017,AD-11,293.0,280.0,-13.0,-4.436860068259386
Trump 2017,AD-12,514.0,475.0,-39.0,-7.587548638132295
Trump 2017,AD-13,636.0,645.0,9.0,1.4150943396226416
Trump 2017,AD-14,764.0,777.0,13.0,1.7015706806282722
Trump 2017,AD-15,466.0,469.0,3.0,0.6437768240343348
Trump 2017,AD-16,630.0,653.0,23.0,3.650793650793651
Trump 2017,AD-17,210.0,221.0,11.0,5.238095238095238
Trump 2017,AD-18,106.0,110.0,4.0,3.7735849056603774
Trump 2017,AD-21,165.0,197.0,32.0,19.393939393939394
Trump 2017,AD-22,142.0,156.0,14.0,9.859154929577464
Trump 2017,AD-23,297.0,383.0,86.0,28.95622895622896
Trump 2017,AD-24,142.0,136.0,-6.0,-4.225352112676056
Trump 2017,AD-25,286.0,320.0,34.0,11.888111888111888
Trump 2017,AD-26,222.0,265.0,43.0,19.36936936936937
Trump 2017,AD-27,226.0,243.0,17.0,7.52212389380531
Trump 2017,AD-28,249.0,263.0,14.0,5.622489959839357
Trump 2017,AD-29,3443.0,3375.0,-68.0,-1.9750217833284927
Trump 2017,AD-30,35.0,48.0,13.0,37.142857142857146
Trump 2017,AD-31,99.0,101.0,2.0,2.0202020202020203
Trump 2017,AD-33,475.0,468.0,-7.0,-1.4736842105263157
Trump 2017,AD-35,162.0,160.0,-2.0,-1.2345679012345678
Trump 2017,AD-37,344.0,342.0,-2.0,-0.5813953488372093
Trump 2017,AD-39,26.0,31.0,5.0,19.230769230769234
Trump 2017,AD-40,65.0,22.0,-43.0,-66.15384615384615
Trump 2017,ADT-00,16.0,12.0,-4.0,-25.0
Trump 2017,AJ-00,10.0,11.0,1.0,10.0
Trump 2017,AL-01,5.0,5.0,0.0,0.0
Trump 2017,AL-02,38.0,38.0,0.0,0.0
Trump 2017,AL-03,1906.0,1985.0,79.0,4.144805876180483
Trump 2017,BB-00,1577.0,1609.0,32.0,2.029169308814204
Trump 2017,BL-00,104.0,99.0,-5.0,-4.807692307692308
Trump 2017,BS-00,112.0,113.0,1.0,0.8928571428571428
Trump 2017,CA-01,1.0,2.0,1.0,100.0
Trump 2017,CA-02,3.0,3.0,0.0,0.0
Trump 2017,CA-03,34.0,32.0,-2.0,-5.88235294117647
Trump 2017,CE-01,103.0,106.0,3.0,2.912621359223301
Trump 2017,CE-02,189.0,191.0,2.0,1.0582010582010581
Trump 2017,CE-03,71.0,72.0,1.0,1.4084507042253522
Trump 2017,CE-04,16.0,16.0,0.0,0.0
Trump 2017,CE-05,12.0,10.0,-2.0,-16.666666666666664
Trump 2017,CE-06,35.0,29.0,-6.0,-17.142857142857142
Trump 2017,CE-07,25.0,24.0,-1.0,-4.0
Trump 2017,CE-08,12.0,11.0,-1.0,-8.333333333333332
Trump 2017,CE-09,1.0,1.0,0.0,0.0
Trump 2017,CE-10,1.0,1.0,0.0,0.0
Trump 2017,CG-03,2.0,1.0,-1.0,-50.0
Trump 2017,CG-04,47.0,41.0,-6.0,-12.76595744680851
Trump 2017,CG-05,42.0,35.0,-7.0,-16.666666666666664
Trump 2017,CG-06,162.0,152.0,-10.0,-6.172839506172839
Trump 2017,CG-07,396.0,372.0,-24.0,-6.0606060606060606
Trump 2017,CG-08,80.0,79.0,-1.0,-1.25
Trump 2017,CG-09,294.0,284.0,-10.0,-3.4013605442176873
Trump 2017,CG-11,381.0,364.0,-17.0,-4.4619422572178475
Trump 2017,CG-12,1157.0,1172.0,15.0,1.296456352636128
Trump 2017,CG-13,1020.0,985.0,-35.0,-3.431372549019608
Trump 2017,CG-14,1274.0,1262.0,-12.0,-0.9419152276295133
Trump 2017,CG-15,600.0,605.0,5.0,0.8333333333333334
Trump 2017,CM-01,504.0,481.0,-23.0,-4.563492063492063
Trump 2017,CM-02,192.0,192.0,0.0,0.0
Trump 2017,CN-20,12.0,3.0,-9.0,-75.0
Trump 2017,CN-30,35.0,38.0,3.0,8.571428571428571
Trump 2017,CN-32,0.0,2.0,2.0,100.0
Trump 2017,CN-33,26.0,25.0,-1.0,-3.8461538461538463
Trump 2017,CN-40,56.0,83.0,27.0,48.214285714285715
Trump 2017,CN-41,1.0,2.0,1.0,100.0
Trump 2017,CN-42,11.0,10.0,-1.0,-9.090909090909092
Trump 2017,CN-43,4.0,6.0,2.0,50.0
Trump 2017,CN-51,218.0,213.0,-5.0,-2.293577981651376
Trump 2017,CN-52,245.0,239.0,-6.0,-2.4489795918367347
Trump 2017,CN-53,318.0,324.0,6.0,1.8867924528301887
Trump 2017,CN-60,374.0,406.0,32.0,8.55614973262032
Trump 2017,CN-71,255.0,271.0,16.0,6.2745098039215685
Trump 2017,CN-81,29.0,29.0,0.0,0.0
Trump 2017,CN-82,22.0,24.0,2.0,9.090909090909092
Trump 2017,CN-90,6.0,6.0,0.0,0.0
Trump 2017,CT-06,1.0,1.0,0.0,0.0
Trump 2017,CT-07,4.0,4.0,0.0,0.0
Trump 2017,CT-08,7.0,6.0,-1.0,-14.285714285714285
Trump 2017,CT-09,6.0,7.0,1.0,16.666666666666664
Trump 2017,CT-10,2.0,3.0,1.0,50.0
Trump 2017,CT-11,21.0,16.0,-5.0,-23.809523809523807
Trump 2017,CT-12,34.0,27.0,-7.0,-20.588235294117645
Trump 2017,CT-13,114.0,88.0,-26.0,-22.807017543859647
Trump 2017,CT-14,338.0,357.0,19.0,5.621301775147929
Trump 2017,CT-15,142.0,145.0,3.0,2.112676056338028
Trump 2017,CT-16,41.0,42.0,1.0,2.4390243902439024
Trump 2017,CT-17,2.0,2.0,0.0,0.0
Trump 2017,CT-18,8.0,7.0,-1.0,-12.5
Trump 2017,CU-04,1.0,1.0,0.0,0.0
Trump 2017,CU-05,1.0,1.0,0.0,0.0
Trump 2017,CU-06,12.0,12.0,0.0,0.0
Trump 2017,CU-07,33.0,22.0,-11.0,-33.33333333333333
Trump 2017,CU-08,17.0,17.0,0.0,0.0
Trump 2017,CU-09,68.0,61.0,-7.0,-10.294117647058822
Trump 2017,CU-11,199.0,183.0,-16.0,-8.040201005025125
Trump 2017,CU-12,305.0,308.0,3.0,0.9836065573770493
Trump 2017,CU-13,151.0,153.0,2.0,1.3245033112582782
Trump 2017,CU-14,235.0,230.0,-5.0,-2.127659574468085
Trump 2017,CU-15,139.0,140.0,1.0,0.7194244604316548
Trump 2017,CX-00,9.0,8.0,-1.0,-11.11111111111111
Trump 2017,CY-01,745.0,739.0,-6.0,-0.8053691275167786
Trump 2017,CY-02,736.0,745.0,9.0,1.2228260869565217
Trump 2017,CY-03,48.0,46.0,-2.0,-4.166666666666666
Trump 2017,CY-04,36.0,37.0,1.0,2.7777777777777777
Trump 2017,CY-05,27.0,25.0,-2.0,-7.4074074074074066
Trump 2017,CY-06,21.0,20.0,-1.0,-4.761904761904762
Trump 2017,CY-07,18.0,19.0,1.0,5.555555555555555
Trump 2017,CY-11,232.0,229.0,-3.0,-1.293103448275862
Trump 2017,CY-12,90.0,88.0,-2.0,-2.2222222222222223
Trump 2017,CY-13,100.0,99.0,-1.0,-1.0
Trump 2017,CY-14,290.0,290.0,0.0,0.0
Trump 2017,CY-15,55.0,56.0,1.0,1.8181818181818181
Trump 2017,CY-16,108.0,106.0,-2.0,-1.8518518518518516
Trump 2017,CY-17,11.0,11.0,0.0,0.0
Trump 2017,CY-21,37.0,38.0,1.0,2.7027027027027026
Trump 2017,CY-22,6.0,8.0,2.0,33.33333333333333
Trump 2017,CY-23,11.0,10.0,-1.0,-9.090909090909092
Trump 2017,DA-01,12.0,7.0,-5.0,-41.66666666666667
Trump 2017,DA-02,79.0,78.0,-1.0,-1.2658227848101267
Trump 2017,DA-03,183.0,192.0,9.0,4.918032786885246
Trump 2017,DA-04,388.0,386.0,-2.0,-0.5154639175257731
Trump 2017,DA-05,371.0,387.0,16.0,4.31266846361186
Trump 2017,DA-06,370.0,371.0,1.0,0.2702702702702703
Trump 2017,DB-01,37.0,34.0,-3.0,-8.108108108108109
Trump 2017,DB-02,622.0,632.0,10.0,1.607717041800643
Trump 2017,DB-03,3784.0,3820.0,36.0,0.9513742071881607
Trump 2017,DB-04,3421.0,3405.0,-16.0,-0.467699503069278
Trump 2017,DB-05,313.0,315.0,2.0,0.6389776357827476
Trump 2017,DB-06,11.0,14.0,3.0,27.27272727272727
Trump 2017,DE-01,14.0,13.0,-1.0,-7.142857142857142
Trump 2017,DE-02,367.0,346.0,-21.0,-5.722070844686648
Trump 2017,DE-03,1376.0,1422.0,46.0,3.343023255813953
Trump 2017,DE-04,395.0,398.0,3.0,0.7594936708860759
Trump 2017,DE-05,40.0,40.0,0.0,0.0
Trump 2017,DG-00,1.0,1.0,0.0,0.0
Trump 2017,DG-01,16.0,21.0,5.0,31.25
Trump 2017,DG-02,64.0,56.0,-8.0,-12.5
Trump 2017,DG-03,119.0,110.0,-9.0,-7.563025210084033
Trump 2017,DG-04,85.0,95.0,10.0,11.76470588235294
Trump 2017,DG-05,21.0,21.0,0.0,0.0
Trump 2017,DG-06,2.0,1.0,-1.0,-50.0
Trump 2017,DJ-02,218.0,221.0,3.0,1.3761467889908259
Trump 2017,DJ-03,695.0,697.0,2.0,0.28776978417266186
Trump 2017,DJ-04,300.0,327.0,27.0,9.0
Trump 2017,DJ-05,33.0,32.0,-1.0,-3.0303030303030303
Trump 2017,DK-01,8.0,3.0,-5.0,-62.5
Trump 2017,DK-02,252.0,239.0,-13.0,-5.158730158730158
Trump 2017,DK-03,176.0,167.0,-9.0,-5.113636363636364
Trump 2017,DK-04,26.0,23.0,-3.0,-11.538461538461538
Trump 2017,DN-01,1.0,3.0,2.0,200.0
Trump 2017,DN-02,9.0,7.0,-2.0,-22.22222222222222
Trump 2017,DN-03,11.0,14.0,3.0,27.27272727272727
Trump 2017,DN-04,22.0,21.0,-1.0,-4.545454545454546
Trump 2017,DN-05,32.0,32.0,0.0,0.0
Trump 2017,DO-01,62.0,56.0,-6.0,-9.67741935483871
Trump 2017,DO-02,236.0,255.0,19.0,8.050847457627118
Trump 2017,DO-03,83.0,90.0,7.0,8.433734939759036
Trump 2017,DO-04,26.0,27.0,1.0,3.8461538461538463
Trump 2017,DP-01,71.0,68.0,-3.0,-4.225352112676056
Trump 2017,DP-02,544.0,494.0,-50.0,-9.191176470588236
Trump 2017,DP-03,1102.0,1174.0,72.0,6.533575317604355
Trump 2017,DP-04,3653.0,3676.0,23.0,0.6296194908294552
Trump 2017,DP-05,1287.0,1282.0,-5.0,-0.3885003885003885
Trump 2017,DP-06,12.0,12.0,0.0,0.0
Trump 2017,DR-01,152.0,123.0,-29.0,-19.078947368421055
Trump 2017,DR-02,1114.0,1114.0,0.0,0.0
Trump 2017,DR-03,1069.0,1088.0,19.0,1.7773620205799812
Trump 2017,DR-04,641.0,669.0,28.0,4.368174726989079
Trump 2017,DR-05,0.0,1.0,1.0,100.0
Trump 2017,DS-01,1.0,9.0,8.0,800.0
Trump 2017,DS-02,29.0,29.0,0.0,0.0
Trump 2017,DS-03,97.0,96.0,-1.0,-1.0309278350515463
Trump 2017,DS-04,273.0,281.0,8.0,2.93040293040293
Trump 2017,DS-05,462.0,469.0,7.0,1.5151515151515151
Trump 2017,DS-06,162.0,164.0,2.0,1.2345679012345678
Trump 2017,DT-01,22.0,21.0,-1.0,-4.545454545454546
Trump 2017,DT-02,27.0,30.0,3.0,11.11111111111111
Trump 2017,DT-03,101.0,105.0,4.0,3.9603960396039604
Trump 2017,DT-04,273.0,278.0,5.0,1.8315018315018317
Trump 2017,DT-05,122.0,119.0,-3.0,-2.459016393442623
Trump 2017,DU-01,11.0,9.0,-2.0,-18.181818181818183
Trump 2017,DU-02,16.0,23.0,7.0,43.75
Trump 2017,DU-03,11.0,11.0,0.0,0.0
Trump 2017,DU-04,2.0,3.0,1.0,50.0
Trump 2017,DX-03,2.0,2.0,0.0,0.0
Trump 2017,DX-04,11.0,11.0,0.0,0.0
Trump 2017,ED-00,532.0,514.0,-18.0,-3.3834586466165413
Trump 2017,ED-13,3.0,1.0,-2.0,-66.66666666666666
Trump 2017,ED-14,1.0,1.0,0.0,0.0
Trump 2017,ED-15,40.0,20.0,-20.0,-50.0
Trump 2017,EE-00,260.0,263.0,3.0,1.153846153846154
Trump 2017,EF-00,2075.0,2151.0,76.0,3.662650602409639
Trump 2017,EF-13,8.0,8.0,0.0,0.0
Trump 2017,EF-14,10.0,9.0,-1.0,-10.0
Trump 2017,EF-15,39.0,33.0,-6.0,-15.384615384615385
Trump 2017,EG-00,55.0,45.0,-10.0,-18.181818181818183
Trump 2017,EH-00,832.0,704.0,-128.0,-15.384615384615385
Trump 2017,EI-00,4113.0,3955.0,-158.0,-3.8414782397276928
Trump 2017,EJ-01,1.0,0.0,-1.0,-100.0
Trump 2017,EJ-02,2.0,3.0,1.0,50.0
Trump 2017,EJ-03,10.0,7.0,-3.0,-30.0
Trump 2017,EJ-04,102.0,95.0,-7.0,-6.862745098039216
Trump 2017,EJ-05,37.0,28.0,-9.0,-24.324324324324326
Trump 2017,EK-03,2.0,0.0,-2.0,-100.0
Trump 2017,EK-04,13.0,9.0,-4.0,-30.76923076923077
Trump 2017,EK-05,19.0,19.0,0.0,0.0
Trump 2017,EL-04,13.0,6.0,-7.0,-53.84615384615385
Trump 2017,EL-05,0.0,1.0,1.0,100.0
Trump 2017,EL-06,1.0,1.0,0.0,0.0
Trump 2017,EL-07,3.0,5.0,2.0,66.66666666666666
Trump 2017,EL-08,5.0,4.0,-1.0,-20.0
Trump 2017,EL-09,25.0,25.0,0.0,0.0
Trump 2017,EL-11,29.0,34.0,5.0,17.24137931034483
Trump 2017,EL-12,48.0,48.0,0.0,0.0
Trump 2017,EL-13,122.0,122.0,0.0,0.0
Trump 2017,EL-14,207.0,218.0,11.0,5.314009661835748
Trump 2017,EL-15,201.0,198.0,-3.0,-1.4925373134328357
Trump 2017,EM-00,130.0,133.0,3.0,2.307692307692308
Trump 2017,EN-00,26.0,0.0,-26.0,-100.0
Trump 2017,EN-03,86.0,0.0,-86.0,-100.0
Trump 2017,EN-04,231.0,0.0,-231.0,-100.0
Trump 2017,EN-05,59.0,0.0,-59.0,-100.0
Trump 2017,EQ-00,5.0,3.0,-2.0,-40.0
Trump 2017,ER-01,11.0,10.0,-1.0,-9.090909090909092
Trump 2017,ER-02,3.0,4.0,1.0,33.33333333333333
Trump 2017,ER-03,9.0,11.0,2.0,22.22222222222222
Trump 2017,ET-01,1.0,1.0,0.0,0.0
Trump 2017,ET-02,2.0,1.0,-1.0,-50.0
Trump 2017,ET-03,11.0,11.0,0.0,0.0
Trump 2017,EV-01,23.0,21.0,-2.0,-8.695652173913043
Trump 2017,EV-02,157.0,161.0,4.0,2.547770700636943
Trump 2017,EV-03,19.0,17.0,-2.0,-10.526315789473683
Trump 2017,EX-01,18.0,13.0,-5.0,-27.77777777777778
Trump 2017,EX-02,42.0,14.0,-28.0,-66.66666666666666
Trump 2017,EX-03,104.0,43.0,-61.0,-58.65384615384615
Trump 2017,EX-04,236.0,84.0,-152.0,-64.40677966101694
Trump 2017,EX-05,19.0,6.0,-13.0,-68.42105263157895
Trump 2017,FE-01,38.0,40.0,2.0,5.263157894736842
Trump 2017,FE-02,58.0,57.0,-1.0,-1.7241379310344827
Trump 2017,FE-03,177.0,160.0,-17.0,-9.6045197740113
Trump 2017,FG-01,395.0,374.0,-21.0,-5.3164556962025316
Trump 2017,FG-03,3.0,0.0,-3.0,-100.0
Trump 2017,FG-04,2.0,1.0,-1.0,-50.0
Trump 2017,FG-05,30.0,19.0,-11.0,-36.666666666666664
Trump 2017,FG-06,39.0,46.0,7.0,17.94871794871795
Trump 2017,FG-07,230.0,232.0,2.0,0.8695652173913043
Trump 2017,FG-08,21.0,11.0,-10.0,-47.61904761904761
Trump 2017,FG-09,125.0,135.0,10.0,8.0
Trump 2017,FG-10,38.0,36.0,-2.0,-5.263157894736842
Trump 2017,FG-11,87.0,79.0,-8.0,-9.195402298850574
Trump 2017,FG-12,455.0,424.0,-31.0,-6.813186813186813
Trump 2017,FG-13,1905.0,1793.0,-112.0,-5.879265091863517
Trump 2017,FG-14,1807.0,1688.0,-119.0,-6.585500830105147
Trump 2017,FG-15,17.0,18.0,1.0,5.88235294117647
Trump 2017,FJ-00,5.0,0.0,-5.0,-100.0
Trump 2017,FL-06,2.0,2.0,0.0,0.0
Trump 2017,FL-07,1.0,0.0,-1.0,-100.0
Trump 2017,FL-09,1.0,1.0,0.0,0.0
Trump 2017,FL-10,3.0,3.0,0.0,0.0
Trump 2017,FL-11,4.0,5.0,1.0,25.0
Trump 2017,FO-01,376.0,382.0,6.0,1.5957446808510638
Trump 2017,FO-02,405.0,420.0,15.0,3.7037037037037033
Trump 2017,FO-03,363.0,495.0,132.0,36.36363636363637
Trump 2017,FO-04,7.0,3.0,-4.0,-57.14285714285714
Trump 2017,FO-05,1.0,0.0,-1.0,-100.0
Trump 2017,FP-01,209.0,212.0,3.0,1.4354066985645932
Trump 2017,FP-02,423.0,425.0,2.0,0.4728132387706856
Trump 2017,FP-03,646.0,502.0,-144.0,-22.291021671826623
Trump 2017,FP-04,518.0,542.0,24.0,4.633204633204633
Trump 2017,FP-05,246.0,229.0,-17.0,-6.910569105691057
Trump 2017,FP-06,25.0,32.0,7.0,28.000000000000004
Trump 2017,FP-07,75.0,80.0,5.0,6.666666666666667
Trump 2017,FP-08,1.0,1.0,0.0,0.0
Trump 2017,FP-09,3.0,3.0,0.0,0.0
Trump 2017,FS-07,4.0,2.0,-2.0,-50.0
Trump 2017,FW-03,4.0,4.0,0.0,0.0
Trump 2017,FW-05,1.0,1.0,0.0,0.0
Trump 2017,FW-06,25.0,25.0,0.0,0.0
Trump 2017,FW-07,26.0,30.0,4.0,15.384615384615385
Trump 2017,FW-08,8.0,7.0,-1.0,-12.5
Trump 2017,FW-09,4.0,4.0,0.0,0.0
Trump 2017,FW-10,22.0,23.0,1.0,4.545454545454546
Trump 2017,FW-11,42.0,41.0,-1.0,-2.380952380952381
Trump 2017,FW-14,3.0,3.0,0.0,0.0
Trump 2017,GE-00,20.0,18.0,-2.0,-10.0
Trump 2017,GG-01,2.0,1.0,-1.0,-50.0
Trump 2017,GG-02,75.0,58.0,-17.0,-22.666666666666664
Trump 2017,GG-03,152.0,152.0,0.0,0.0
Trump 2017,GG-04,598.0,748.0,150.0,25.08361204013378
Trump 2017,GG-05,410.0,743.0,333.0,81.21951219512195
Trump 2017,GG-06,282.0,339.0,57.0,20.212765957446805
Trump 2017,GG-07,572.0,593.0,21.0,3.6713286713286712
Trump 2017,GG-08,151.0,149.0,-2.0,-1.3245033112582782
Trump 2017,GG-09,896.0,893.0,-3.0,-0.33482142857142855
Trump 2017,GG-10,105.0,100.0,-5.0,-4.761904761904762
Trump 2017,GG-11,1832.0,1918.0,86.0,4.6943231441048034
Trump 2017,GG-12,4527.0,4519.0,-8.0,-0.17671747294013695
Trump 2017,GG-13,8031.0,8076.0,45.0,0.5603287261860291
Trump 2017,GG-14,4049.0,4108.0,59.0,1.4571499135589034
Trump 2017,GG-15,1947.0,1905.0,-42.0,-2.157164869029276
Trump 2017,GI-12,1.0,1.0,0.0,0.0
Trump 2017,GI-13,1.0,1.0,0.0,0.0
Trump 2017,GI-14,2.0,1.0,-1.0,-50.0
Trump 2017,GL-03,11.0,10.0,-1.0,-9.090909090909092
Trump 2017,GL-04,54.0,48.0,-6.0,-11.11111111111111
Trump 2017,GL-05,2438.0,2424.0,-14.0,-0.5742411812961444
Trump 2017,GL-06,2825.0,2679.0,-146.0,-5.168141592920354
Trump 2017,GL-07,9161.0,9270.0,109.0,1.1898264381617727
Trump 2017,GL-08,7152.0,6976.0,-176.0,-2.460850111856823
Trump 2017,GL-09,6779.0,7017.0,238.0,3.5108423071249444
Trump 2017,GL-10,2164.0,2263.0,99.0,4.574861367837339
Trump 2017,GM-13,171.0,148.0,-23.0,-13.450292397660817
Trump 2017,GM-14,133.0,124.0,-9.0,-6.7669172932330826
Trump 2017,GM-15,284.0,250.0,-34.0,-11.971830985915492
Trump 2017,GP-11,38.0,36.0,-2.0,-5.263157894736842
Trump 2017,GP-12,243.0,243.0,0.0,0.0
Trump 2017,GP-13,269.0,267.0,-2.0,-0.7434944237918215
Trump 2017,GP-14,1561.0,1605.0,44.0,2.8187059577194105
Trump 2017,GP-15,2241.0,2282.0,41.0,1.8295403837572513
Trump 2017,GR-13,1.0,1.0,0.0,0.0
Trump 2017,GR-15,10.0,9.0,-1.0,-10.0
Trump 2017,GS-01,495.0,445.0,-50.0,-10.1010101010101
Trump 2017,GS-02,1638.0,1404.0,-234.0,-14.285714285714285
Trump 2017,GS-03,12274.0,10009.0,-2265.0,-18.453641844549455
Trump 2017,GS-04,38580.0,34056.0,-4524.0,-11.726283048211508
Trump 2017,GS-05,82702.0,79561.0,-3141.0,-3.7979734468332085
Trump 2017,GS-06,93055.0,94718.0,1663.0,1.7871151469561013
Trump 2017,GS-07,118337.0,116170.0,-2167.0,-1.8312108638887246
Trump 2017,GS-08,48819.0,48390.0,-429.0,-0.8787562219627605
Trump 2017,GS-09,123614.0,123099.0,-515.0,-0.41661947675829597
Trump 2017,GS-10,12878.0,12873.0,-5.0,-0.03882590464357819
Trump 2017,GS-11,194454.0,192559.0,-1895.0,-0.974523537700433
Trump 2017,GS-12,282117.0,284380.0,2263.0,0.8021494628115287
Trump 2017,GS-13,243710.0,242874.0,-836.0,-0.343030651183784
Trump 2017,GS-14,116699.0,117325.0,626.0,0.5364227628343001
Trump 2017,GS-15,57391.0,56978.0,-413.0,-0.7196250283145441
Trump 2017,IA-03,1.0,0.0,-1.0,-100.0
Trump 2017,IA-05,0.0,1.0,1.0,100.0
Trump 2017,IC-04,2.0,0.0,-2.0,-100.0
Trump 2017,IC-05,14.0,7.0,-7.0,-50.0
Trump 2017,IC-06,33.0,36.0,3.0,9.090909090909092
Trump 2017,IC-07,195.0,262.0,67.0,34.35897435897436
Trump 2017,IC-08,29.0,30.0,1.0,3.4482758620689653
Trump 2017,IC-09,1016.0,1027.0,11.0,1.0826771653543308
Trump 2017,IC-11,766.0,846.0,80.0,10.443864229765012
Trump 2017,IC-12,1143.0,1244.0,101.0,8.836395450568679
Trump 2017,IC-13,426.0,498.0,72.0,16.901408450704224
Trump 2017,IC-14,119.0,139.0,20.0,16.80672268907563
Trump 2017,IC-15,12.0,16.0,4.0,33.33333333333333
Trump 2017,IE-00,62.0,62.0,0.0,0.0
Trump 2017,IG-00,16.0,17.0,1.0,6.25
Trump 2017,IJ-00,298.0,308.0,10.0,3.3557046979865772
Trump 2017,IM-00,5546.0,6039.0,493.0,8.889289578074287
Trump 2017,IP-00,126.0,133.0,7.0,5.555555555555555
Trump 2017,KA-00,35.0,34.0,-1.0,-2.857142857142857
Trump 2017,KB-00,121.0,125.0,4.0,3.3057851239669422
Trump 2017,KB-02,3.0,3.0,0.0,0.0
Trump 2017,KE-00,63.0,65.0,2.0,3.1746031746031744
Trump 2017,KG-01,2.0,2.0,0.0,0.0
Trump 2017,KG-03,102.0,96.0,-6.0,-5.88235294117647
Trump 2017,KG-05,115.0,116.0,1.0,0.8695652173913043
Trump 2017,KG-06,28.0,28.0,0.0,0.0
Trump 2017,KG-07,19.0,18.0,-1.0,-5.263157894736842
Trump 2017,KG-08,10.0,10.0,0.0,0.0
Trump 2017,KG-09,9.0,9.0,0.0,0.0
Trump 2017,KI-00,164.0,165.0,1.0,0.6097560975609756
Trump 2017,KI-02,6.0,6.0,0.0,0.0
Trump 2017,KJ-00,23.0,22.0,-1.0,-4.3478260869565215
Trump 2017,KL-03,1.0,1.0,0.0,0.0
Trump 2017,KL-05,1.0,1.0,0.0,0.0
Trump 2017,KM-00,60.0,60.0,0.0,0.0
Trump 2017,KM-02,2.0,2.0,0.0,0.0
Trump 2017,KO-00,28.0,26.0,-2.0,-7.142857142857142
Trump 2017,KO-02,4.0,4.0,0.0,0.0
Trump 2017,KP-00,35.0,35.0,0.0,0.0
Trump 2017,KP-02,7.0,7.0,0.0,0.0
Trump 2017,KS-03,2.0,2.0,0.0,0.0
Trump 2017,KS-04,1.0,1.0,0.0,0.0
Trump 2017,KS-05,5.0,3.0,-2.0,-40.0
Trump 2017,KS-06,7.0,7.0,0.0,0.0
Trump 2017,KS-07,9.0,10.0,1.0,11.11111111111111
Trump 2017,KS-09,1.0,1.0,0.0,0.0
Trump 2017,KX-01,37.0,35.0,-2.0,-5.405405405405405
Trump 2017,KX-03,28.0,28.0,0.0,0.0
Trump 2017,KX-04,31.0,30.0,-1.0,-3.225806451612903
Trump 2017,KX-05,67.0,65.0,-2.0,-2.9850746268656714
Trump 2017,KX-06,54.0,52.0,-2.0,-3.7037037037037033
Trump 2017,KX-07,19.0,19.0,0.0,0.0
Trump 2017,KY-03,53.0,49.0,-4.0,-7.547169811320755
Trump 2017,LE-01,1119.0,1126.0,7.0,0.6255585344057194
Trump 2017,LE-04,165.0,165.0,0.0,0.0
Trump 2017,LE-05,66.0,66.0,0.0,0.0
Trump 2017,LE-07,23.0,22.0,-1.0,-4.3478260869565215
Trump 2017,LE-08,16.0,17.0,1.0,6.25
Trump 2017,LE-09,5.0,4.0,-1.0,-20.0
Trump 2017,LE-10,0.0,1.0,1.0,100.0
Trump 2017,LE-11,1.0,1.0,0.0,0.0
Trump 2017,LL-01,64.0,65.0,1.0,1.5625
Trump 2017,MC-02,64.0,69.0,5.0,7.8125
Trump 2017,MC-03,113.0,128.0,15.0,13.274336283185843
Trump 2017,MC-04,73.0,89.0,16.0,21.91780821917808
Trump 2017,MC-05,11.0,10.0,-1.0,-9.090909090909092
Trump 2017,NA-01,7.0,7.0,0.0,0.0
Trump 2017,NA-02,1368.0,1324.0,-44.0,-3.216374269005848
Trump 2017,NA-03,292.0,286.0,-6.0,-2.054794520547945
Trump 2017,NA-04,286.0,306.0,20.0,6.993006993006993
Trump 2017,NA-05,96.0,91.0,-5.0,-5.208333333333334
Trump 2017,NA-06,23.0,22.0,-1.0,-4.3478260869565215
Trump 2017,NA-07,2.0,2.0,0.0,0.0
Trump 2017,NA-08,6.0,5.0,-1.0,-16.666666666666664
Trump 2017,NB-01,1.0,1.0,0.0,0.0
Trump 2017,NB-02,34.0,20.0,-14.0,-41.17647058823529
Trump 2017,NB-03,346.0,333.0,-13.0,-3.7572254335260116
Trump 2017,NB-04,714.0,705.0,-9.0,-1.2605042016806722
Trump 2017,NB-05,1253.0,1272.0,19.0,1.5163607342378291
Trump 2017,NB-06,1252.0,1238.0,-14.0,-1.1182108626198082
Trump 2017,NB-07,308.0,315.0,7.0,2.272727272727273
Trump 2017,NB-08,49.0,48.0,-1.0,-2.0408163265306123
Trump 2017,NB-09,9.0,9.0,0.0,0.0
Trump 2017,NC-01,40.0,40.0,0.0,0.0
Trump 2017,NC-02,171.0,161.0,-10.0,-5.847953216374268
Trump 2017,NC-03,33.0,34.0,1.0,3.0303030303030303
Trump 2017,ND-01,46.0,42.0,-4.0,-8.695652173913043
Trump 2017,ND-02,755.0,685.0,-70.0,-9.271523178807946
Trump 2017,ND-03,1123.0,1167.0,44.0,3.9180765805877114
Trump 2017,ND-04,10387.0,10310.0,-77.0,-0.7413112544526812
Trump 2017,ND-05,2470.0,2524.0,54.0,2.186234817813765
Trump 2017,ND-06,47.0,54.0,7.0,14.893617021276595
Trump 2017,NG-01,20.0,18.0,-2.0,-10.0
Trump 2017,NG-02,136.0,145.0,9.0,6.61764705882353
Trump 2017,NG-03,268.0,272.0,4.0,1.4925373134328357
Trump 2017,NG-04,99.0,102.0,3.0,3.0303030303030303
Trump 2017,NG-05,7.0,7.0,0.0,0.0
Trump 2017,NH-01,3.0,3.0,0.0,0.0
Trump 2017,NH-02,2199.0,2292.0,93.0,4.229195088676671
Trump 2017,NH-03,18840.0,20612.0,1772.0,9.40552016985138
Trump 2017,NH-04,11196.0,12043.0,847.0,7.56520185780636
Trump 2017,NJ-02,126.0,131.0,5.0,3.968253968253968
Trump 2017,NJ-03,340.0,351.0,11.0,3.2352941176470593
Trump 2017,NJ-04,392.0,475.0,83.0,21.1734693877551
Trump 2017,NK-01,7.0,8.0,1.0,14.285714285714285
Trump 2017,NK-02,451.0,482.0,31.0,6.873614190687362
Trump 2017,NK-03,200.0,205.0,5.0,2.5
Trump 2017,NL-03,24.0,25.0,1.0,4.166666666666666
Trump 2017,NL-04,31.0,27.0,-4.0,-12.903225806451612
Trump 2017,NL-05,35.0,38.0,3.0,8.571428571428571
Trump 2017,NL-06,6.0,6.0,0.0,0.0
Trump 2017,NL-07,5.0,6.0,1.0,20.0
Trump 2017,NL-08,2.0,2.0,0.0,0.0
Trump 2017,NM-03,13.0,14.0,1.0,7.6923076923076925
Trump 2017,NM-04,731.0,744.0,13.0,1.7783857729138166
Trump 2017,NM-05,1009.0,1016.0,7.0,0.6937561942517344
Trump 2017,NM-06,8.0,14.0,6.0,75.0
Trump 2017,NN-02,1.0,0.0,-1.0,-100.0
Trump 2017,NN-03,67.0,0.0,-67.0,-100.0
Trump 2017,NN-04,302.0,0.0,-302.0,-100.0
Trump 2017,NO-01,15.0,12.0,-3.0,-20.0
Trump 2017,NO-02,234.0,218.0,-16.0,-6.837606837606838
Trump 2017,NO-03,461.0,450.0,-11.0,-2.386117136659436
Trump 2017,NO-04,1636.0,1611.0,-25.0,-1.528117359413203
Trump 2017,NO-05,1702.0,1736.0,34.0,1.9976498237367801
Trump 2017,NO-06,170.0,170.0,0.0,0.0
Trump 2017,NP-01,21.0,23.0,2.0,9.523809523809524
Trump 2017,NP-02,72.0,66.0,-6.0,-8.333333333333332
Trump 2017,NP-03,867.0,891.0,24.0,2.768166089965398
Trump 2017,NP-04,829.0,805.0,-24.0,-2.8950542822677927
Trump 2017,NP-05,12.0,12.0,0.0,0.0
Trump 2017,NQ-01,2.0,0.0,-2.0,-100.0
Trump 2017,NQ-02,217.0,0.0,-217.0,-100.0
Trump 2017,NQ-03,658.0,0.0,-658.0,-100.0
Trump 2017,NQ-04,255.0,0.0,-255.0,-100.0
Trump 2017,NR-01,8.0,10.0,2.0,25.0
Trump 2017,NR-02,8.0,7.0,-1.0,-12.5
Trump 2017,NR-03,35.0,32.0,-3.0,-8.571428571428571
Trump 2017,NR-04,509.0,492.0,-17.0,-3.3398821218074657
Trump 2017,NR-05,158.0,159.0,1.0,0.6329113924050633
Trump 2017,NS-01,0.0,1.0,1.0,100.0
Trump 2017,NS-02,1.0,1.0,0.0,0.0
Trump 2017,NS-03,5.0,6.0,1.0,20.0
Trump 2017,NS-04,18.0,21.0,3.0,16.666666666666664
Trump 2017,NS-05,16.0,14.0,-2.0,-12.5
Trump 2017,NS-06,25.0,29.0,4.0,16.0
Trump 2017,NS-07,7.0,7.0,0.0,0.0
Trump 2017,NT-01,7.0,3.0,-4.0,-57.14285714285714
Trump 2017,NT-02,116.0,91.0,-25.0,-21.551724137931032
Trump 2017,NT-03,347.0,333.0,-14.0,-4.034582132564841
Trump 2017,NT-04,2032.0,2044.0,12.0,0.5905511811023622
Trump 2017,NT-05,2729.0,2775.0,46.0,1.6855991205569805
Trump 2017,NT-06,263.0,269.0,6.0,2.2813688212927756
Trump 2017,NU-01,1.0,0.0,-1.0,-100.0
Trump 2017,NU-02,36.0,0.0,-36.0,-100.0
Trump 2017,NU-03,7.0,0.0,-7.0,-100.0
Trump 2017,NV-01,136.0,0.0,-136.0,-100.0
Trump 2017,NV-02,73.0,0.0,-73.0,-100.0
Trump 2017,NV-03,62.0,0.0,-62.0,-100.0
Trump 2017,NV-04,20.0,0.0,-20.0,-100.0
Trump 2017,NX-01,39.0,32.0,-7.0,-17.94871794871795
Trump 2017,NX-02,16.0,18.0,2.0,12.5
Trump 2017,NY-01,22.0,17.0,-5.0,-22.727272727272727
Trump 2017,NY-02,112.0,134.0,22.0,19.642857142857142
Trump 2017,NY-03,349.0,347.0,-2.0,-0.5730659025787965
Trump 2017,NY-04,83.0,85.0,2.0,2.4096385542168677
Trump 2017,NZ-07,21.0,20.0,-1.0,-4.761904761904762
Trump 2017,NZ-08,5.0,7.0,2.0,40.0
Trump 2017,NZ-09,1.0,2.0,1.0,100.0
Trump 2017,OR-31,1.0,1.0,0.0,0.0
Trump 2017,OR-42,14.0,9.0,-5.0,-35.714285714285715
Trump 2017,OR-51,15.0,20.0,5.0,33.33333333333333
Trump 2017,OR-52,8.0,10.0,2.0,25.0
Trump 2017,OR-53,53.0,50.0,-3.0,-5.660377358490567
Trump 2017,OR-60,84.0,98.0,14.0,16.666666666666664
Trump 2017,OR-70,30.0,29.0,-1.0,-3.3333333333333335
Trump 2017,OR-80,5.0,5.0,0.0,0.0
Trump 2017,PG-03,4.0,3.0,-1.0,-25.0
Trump 2017,PG-04,12.0,6.0,-6.0,-50.0
Trump 2017,PG-05,35.0,35.0,0.0,0.0
Trump 2017,PG-06,22.0,19.0,-3.0,-13.636363636363635
Trump 2017,PG-07,43.0,42.0,-1.0,-2.3255813953488373
Trump 2017,PG-08,16.0,15.0,-1.0,-6.25
Trump 2017,PG-09,38.0,32.0,-6.0,-15.789473684210526
Trump 2017,PG-10,4.0,3.0,-1.0,-25.0
Trump 2017,PG-11,51.0,60.0,9.0,17.647058823529413
Trump 2017,PG-12,212.0,203.0,-9.0,-4.245283018867925
Trump 2017,PG-13,177.0,189.0,12.0,6.779661016949152
Trump 2017,PG-14,107.0,112.0,5.0,4.672897196261682
Trump 2017,PG-15,57.0,58.0,1.0,1.7543859649122806
Trump 2017,PQ-04,4.0,11.0,7.0,175.0
Trump 2017,PQ-05,6.0,7.0,1.0,16.666666666666664
Trump 2017,PQ-06,2.0,2.0,0.0,0.0
Trump 2017,PQ-07,3.0,3.0,0.0,0.0
Trump 2017,PQ-09,1.0,1.0,0.0,0.0
Trump 2017,PQ-11,1.0,1.0,0.0,0.0
Trump 2017,PU-03,1.0,1.0,0.0,0.0
Trump 2017,PU-05,4.0,5.0,1.0,25.0
Trump 2017,PU-09,1.0,1.0,0.0,0.0
Trump 2017,PU-10,1.0,1.0,0.0,0.0
Trump 2017,PU-12,16.0,14.0,-2.0,-12.5
Trump 2017,PU-13,10.0,10.0,0.0,0.0
Trump 2017,PU-14,8.0,9.0,1.0,12.5
Trump 2017,PU-15,1.0,1.0,0.0,0.0
Trump 2017,PZ-04,1.0,0.0,-1.0,-100.0
Trump 2017,PZ-05,7.0,8.0,1.0,14.285714285714285
Trump 2017,PZ-06,2.0,2.0,0.0,0.0
Trump 2017,PZ-07,5.0,3.0,-2.0,-40.0
Trump 2017,PZ-09,1.0,1.0,0.0,0.0
Trump 2017,RA-00,21.0,22.0,1.0,4.761904761904762
Trump 2017,RF-00,1546.0,1558.0,12.0,0.7761966364812419
Trump 2017,RG-00,4129.0,4223.0,94.0,2.2765802857834827
Trump 2017,RS-00,126.0,120.0,-6.0,-4.761904761904762
Trump 2017,SK-02,1.0,1.0,0.0,0.0
Trump 2017,SK-03,2.0,4.0,2.0,100.0
Trump 2017,SK-04,8.0,8.0,0.0,0.0
Trump 2017,SK-05,9.0,6.0,-3.0,-33.33333333333333
Trump 2017,SK-06,10.0,10.0,0.0,0.0
Trump 2017,SK-07,77.0,68.0,-9.0,-11.688311688311687
Trump 2017,SK-08,22.0,27.0,5.0,22.727272727272727
Trump 2017,SK-09,79.0,54.0,-25.0,-31.645569620253166
Trump 2017,SK-10,3.0,2.0,-1.0,-33.33333333333333
Trump 2017,SK-11,170.0,156.0,-14.0,-8.235294117647058
Trump 2017,SK-12,290.0,292.0,2.0,0.6896551724137931
Trump 2017,SK-13,452.0,437.0,-15.0,-3.3185840707964607
Trump 2017,SK-14,2085.0,2174.0,89.0,4.2685851318944845
Trump 2017,SK-15,365.0,367.0,2.0,0.547945205479452
Trump 2017,SK-16,534.0,538.0,4.0,0.7490636704119851
Trump 2017,SK-17,397.0,405.0,8.0,2.0151133501259446
Trump 2017,SL-00,865.0,907.0,42.0,4.855491329479769
Trump 2017,SL-16,7.0,5.0,-2.0,-28.57142857142857
Trump 2017,SN-00,62.0,56.0,-6.0,-9.67741935483871
Trump 2017,SO-01,24.0,23.0,-1.0,-4.166666666666666
Trump 2017,SO-02,121.0,119.0,-2.0,-1.6528925619834711
Trump 2017,SO-03,1.0,1.0,0.0,0.0
Trump 2017,SP-01,399.0,409.0,10.0,2.506265664160401
Trump 2017,SP-03,16.0,15.0,-1.0,-6.25
Trump 2017,SP-04,112.0,107.0,-5.0,-4.464285714285714
Trump 2017,SP-05,30.0,30.0,0.0,0.0
Trump 2017,SP-07,14.0,16.0,2.0,14.285714285714285
Trump 2017,SP-08,5.0,5.0,0.0,0.0
Trump 2017,SP-09,3.0,2.0,-1.0,-33.33333333333333
Trump 2017,SP-10,1.0,0.0,-1.0,-100.0
Trump 2017,SP-11,1.0,1.0,0.0,0.0
Trump 2017,SR-00,132.0,137.0,5.0,3.787878787878788
Trump 2017,SS-00,1.0,1.0,0.0,0.0
Trump 2017,SS-01,24.0,23.0,-1.0,-4.166666666666666
Trump 2017,SS-02,16.0,15.0,-1.0,-6.25
Trump 2017,SS-03,9.0,9.0,0.0,0.0
Trump 2017,ST-00,390.0,392.0,2.0,0.5128205128205128
Trump 2017,SW-01,18.0,15.0,-3.0,-16.666666666666664
Trump 2017,SW-02,124.0,117.0,-7.0,-5.64516129032258
Trump 2017,TR-06,23.0,14.0,-9.0,-39.130434782608695
Trump 2017,TR-07,25.0,37.0,12.0,48.0
Trump 2017,TR-08,306.0,303.0,-3.0,-0.9803921568627451
Trump 2017,TR-09,61.0,62.0,1.0,1.639344262295082
Trump 2017,TR-10,39.0,39.0,0.0,0.0
Trump 2017,TR-11,2.0,3.0,1.0,50.0
Trump 2017,TR-12,14.0,9.0,-5.0,-35.714285714285715
Trump 2017,TR-13,1.0,1.0,0.0,0.0
Trump 2017,TR-14,7.0,9.0,2.0,28.57142857142857
Trump 2017,VC-00,6.0,4.0,-2.0,-33.33333333333333
Trump 2017,VC-01,6.0,5.0,-1.0,-16.666666666666664
Trump 2017,VC-02,437.0,406.0,-31.0,-7.093821510297483
Trump 2017,VC-03,135.0,124.0,-11.0,-8.148148148148149
Trump 2017,VC-04,178.0,182.0,4.0,2.247191011235955
Trump 2017,VC-05,84.0,81.0,-3.0,-3.571428571428571
Trump 2017,VC-06,28.0,26.0,-2.0,-7.142857142857142
Trump 2017,VC-07,36.0,31.0,-5.0,-13.88888888888889
Trump 2017,VC-08,128.0,136.0,8.0,6.25
Trump 2017,VC-09,35.0,36.0,1.0,2.857142857142857
Trump 2017,VC-10,69.0,64.0,-5.0,-7.246376811594203
Trump 2017,VC-11,124.0,121.0,-3.0,-2.4193548387096775
Trump 2017,VC-12,36.0,40.0,4.0,11.11111111111111
Trump 2017,VC-13,30.0,31.0,1.0,3.3333333333333335
Trump 2017,VC-14,39.0,40.0,1.0,2.564102564102564
Trump 2017,VC-15,35.0,35.0,0.0,0.0
Trump 2017,VC-16,30.0,31.0,1.0,3.3333333333333335
Trump 2017,VC-17,7.0,8.0,1.0,14.285714285714285
Trump 2017,VE-11,1.0,0.0,-1.0,-100.0
Trump 2017,VE-17,0.0,1.0,1.0,100.0
Trump 2017,VE-18,3.0,3.0,0.0,0.0
Trump 2017,VE-19,4.0,4.0,0.0,0.0
Trump 2017,VE-20,8.0,7.0,-1.0,-12.5
Trump 2017,VH-32,4.0,3.0,-1.0,-25.0
Trump 2017,VH-33,3.0,1.0,-2.0,-66.66666666666666
Trump 2017,VH-34,16.0,21.0,5.0,31.25
Trump 2017,VH-35,31.0,30.0,-1.0,-3.225806451612903
Trump 2017,VH-36,6.0,6.0,0.0,0.0
Trump 2017,VH-37,24.0,19.0,-5.0,-20.833333333333336
Trump 2017,VH-38,40.0,35.0,-5.0,-12.5
Trump 2017,VH-39,59.0,64.0,5.0,8.47457627118644
Trump 2017,VH-40,60.0,61.0,1.0,1.6666666666666667
Trump 2017,VH-41,40.0,39.0,-1.0,-2.5
Trump 2017,VH-42,7.0,9.0,2.0,28.57142857142857
Trump 2017,VH-43,9.0,9.0,0.0,0.0
Trump 2017,VH-44,9.0,9.0,0.0,0.0
Trump 2017,VH-45,1.0,1.0,0.0,0.0
Trump 2017,VMT-00,22.0,7.0,-15.0,-68.18181818181817
Trump 2017,VN-01,11717.0,11377.0,-340.0,-2.9017666638217974
Trump 2017,VN-02,33884.0,34560.0,676.0,1.995041907685043
Trump 2017,VN-03,15858.0,16308.0,450.0,2.837684449489217
Trump 2017,VN-04,919.0,943.0,24.0,2.6115342763873777
Trump 2017,VN-05,227.0,235.0,8.0,3.524229074889868
Trump 2017,VN-06,1.0,1.0,0.0,0.0
Trump 2017,VN-08,3.0,3.0,0.0,0.0
Trump 2017,VN-09,6.0,10.0,4.0,66.66666666666666
Trump 2017,VN-11,99.0,110.0,11.0,11.11111111111111
Trump 2017,VN-12,677.0,629.0,-48.0,-7.0901033973412115
Trump 2017,VN-13,1303.0,1356.0,53.0,4.067536454336147
Trump 2017,VN-14,1.0,1.0,0.0,0.0
Trump 2017,VP-11,4.0,4.0,0.0,0.0
Trump 2017,VP-12,151.0,131.0,-20.0,-13.245033112582782
Trump 2017,VP-13,325.0,326.0,1.0,0.3076923076923077
Trump 2017,VP-14,359.0,368.0,9.0,2.5069637883008355
Trump 2017,VP-15,338.0,355.0,17.0,5.029585798816568
Trump 2017,WA-07,20.0,20.0,0.0,0.0
Trump 2017,WA-08,16.0,16.0,0.0,0.0
Trump 2017,WA-09,7.0,9.0,2.0,28.57142857142857
Trump 2017,WA-10,54.0,52.0,-2.0,-3.7037037037037033
Trump 2017,WA-11,39.0,44.0,5.0,12.82051282051282
Trump 2017,WA-13,1.0,1.0,0.0,0.0
Trump 2017,WA-14,5.0,4.0,-1.0,-20.0
Trump 2017,WA-16,1.0,0.0,-1.0,-100.0
Trump 2017,WB-00,1876.0,1805.0,-71.0,-3.7846481876332625
Trump 2017,WB-02,59.0,58.0,-1.0,-1.694915254237288
Trump 2017,WB-04,9.0,9.0,0.0,0.0
Trump 2017,WD-01,2.0,1.0,-1.0,-50.0
Trump 2017,WD-02,9.0,13.0,4.0,44.44444444444444
Trump 2017,WD-03,5.0,5.0,0.0,0.0
Trump 2017,WD-04,19.0,19.0,0.0,0.0
Trump 2017,WD-05,69.0,71.0,2.0,2.898550724637681
Trump 2017,WD-06,719.0,712.0,-7.0,-0.9735744089012517
Trump 2017,WD-07,120.0,122.0,2.0,1.6666666666666667
Trump 2017,WD-08,376.0,381.0,5.0,1.3297872340425532
Trump 2017,WD-09,8.0,9.0,1.0,12.5
Trump 2017,WE-00,643.0,663.0,20.0,3.1104199066874028
Trump 2017,WG-01,1292.0,1311.0,19.0,1.4705882352941175
Trump 2017,WG-02,13353.0,13369.0,16.0,0.11982326069048155
Trump 2017,WG-03,4689.0,4154.0,-535.0,-11.409682235018128
Trump 2017,WG-04,5015.0,4682.0,-333.0,-6.640079760717846
Trump 2017,WG-05,12878.0,11340.0,-1538.0,-11.942848268364653
Trump 2017,WG-06,8660.0,8478.0,-182.0,-2.1016166281755195
Trump 2017,WG-07,7526.0,7307.0,-219.0,-2.9099123040127557
Trump 2017,WG-08,15245.0,15214.0,-31.0,-0.20334535913414234
Trump 2017,WG-09,9736.0,9617.0,-119.0,-1.2222678718159408
Trump 2017,WG-10,43694.0,43583.0,-111.0,-0.2540394562182451
Trump 2017,WG-11,12174.0,12125.0,-49.0,-0.4024971250205356
Trump 2017,WG-12,4826.0,4848.0,22.0,0.45586406962287607
Trump 2017,WG-13,1423.0,1473.0,50.0,3.5137034434293746
Trump 2017,WG-14,329.0,344.0,15.0,4.5592705167173255
Trump 2017,WG-15,9.0,8.0,-1.0,-11.11111111111111
Trump 2017,WJ-03,3.0,3.0,0.0,0.0
Trump 2017,WJ-04,5.0,5.0,0.0,0.0
Trump 2017,WJ-05,6.0,8.0,2.0,33.33333333333333
Trump 2017,WJ-07,25.0,22.0,-3.0,-12.0
Trump 2017,WJ-08,25.0,24.0,-1.0,-4.0
Trump 2017,WJ-10,5.0,5.0,0.0,0.0
Trump 2017,WJ-11,11.0,12.0,1.0,9.090909090909092
Trump 2017,WJ-14,4.0,4.0,0.0,0.0
Trump 2017,WJ-15,11.0,11.0,0.0,0.0
Trump 2017,WJ-16,6.0,6.0,0.0,0.0
Trump 2017,WK-05,3.0,3.0,0.0,0.0
Trump 2017,WK-06,3.0,2.0,-1.0,-33.33333333333333
Trump 2017,WK-07,2.0,2.0,0.0,0.0
Trump 2017,WK-08,18.0,18.0,0.0,0.0
Trump 2017,WK-10,29.0,28.0,-1.0,-3.4482758620689653
Trump 2017,WK-11,1.0,2.0,1.0,100.0
Trump 2017,WK-12,2.0,2.0,0.0,0.0
Trump 2017,WK-13,6.0,6.0,0.0,0.0
Trump 2017,WL-01,0.0,1.0,1.0,100.0
Trump 2017,WL-02,467.0,480.0,13.0,2.7837259100642395
Trump 2017,WL-03,284.0,277.0,-7.0,-2.464788732394366
Trump 2017,WL-04,194.0,190.0,-4.0,-2.0618556701030926
Trump 2017,WL-05,355.0,313.0,-42.0,-11.830985915492958
Trump 2017,WL-06,445.0,434.0,-11.0,-2.4719101123595504
Trump 2017,WL-07,484.0,448.0,-36.0,-7.43801652892562
Trump 2017,WL-08,586.0,571.0,-15.0,-2.5597269624573378
Trump 2017,WL-09,958.0,953.0,-5.0,-0.5219206680584552
Trump 2017,WL-10,5238.0,5140.0,-98.0,-1.8709431080565102
Trump 2017,WL-11,1394.0,1413.0,19.0,1.362984218077475
Trump 2017,WL-12,243.0,239.0,-4.0,-1.646090534979424
Trump 2017,WL-13,161.0,174.0,13.0,8.074534161490684
Trump 2017,WL-14,65.0,70.0,5.0,7.6923076923076925
Trump 2017,WM-00,65.0,67.0,2.0,3.076923076923077
Trump 2017,WM-01,89.0,82.0,-7.0,-7.865168539325842
Trump 2017,WM-02,43.0,44.0,1.0,2.3255813953488373
Trump 2017,WM-03,1.0,1.0,0.0,0.0
Trump 2017,WM-05,2.0,2.0,0.0,0.0
Trump 2017,WM-06,45.0,40.0,-5.0,-11.11111111111111
Trump 2017,WM-07,130.0,123.0,-7.0,-5.384615384615385
Trump 2017,WM-08,601.0,567.0,-34.0,-5.657237936772046
Trump 2017,WM-09,1338.0,1306.0,-32.0,-2.391629297458894
Trump 2017,WM-10,846.0,796.0,-50.0,-5.91016548463357
Trump 2017,WM-11,120.0,121.0,1.0,0.8333333333333334
Trump 2017,WM-12,42.0,42.0,0.0,0.0
Trump 2017,WM-13,48.0,47.0,-1.0,-2.083333333333333
Trump 2017,WM-14,9.0,8.0,-1.0,-11.11111111111111
Trump 2017,WM-15,376.0,382.0,6.0,1.5957446808510638
Trump 2017,WM-16,609.0,611.0,2.0,0.3284072249589491
Trump 2017,WM-18,17.0,19.0,2.0,11.76470588235294
Trump 2017,WM-20,2.0,2.0,0.0,0.0
Trump 2017,WM-21,170.0,111.0,-59.0,-34.705882352941174
Trump 2017,WM-24,3.0,3.0,0.0,0.0
Trump 2017,WM-25,391.0,368.0,-23.0,-5.88235294117647
Trump 2017,WM-26,609.0,610.0,1.0,0.16420361247947454
Trump 2017,WM-27,363.0,341.0,-22.0,-6.0606060606060606
Trump 2017,WM-28,361.0,351.0,-10.0,-2.7700831024930745
Trump 2017,WM-29,182.0,169.0,-13.0,-7.142857142857142
Trump 2017,WM-30,1.0,1.0,0.0,0.0
Trump 2017,WM-34,4.0,1.0,-3.0,-75.0
Trump 2017,WM-40,4.0,4.0,0.0,0.0
Trump 2017,WM-44,5.0,7.0,2.0,40.0
Trump 2017,WM-45,9.0,6.0,-3.0,-33.33333333333333
Trump 2017,WN-04,22.0,25.0,3.0,13.636363636363635
Trump 2017,WN-07,54.0,50.0,-4.0,-7.4074074074074066
Trump 2017,WN-09,1.0,1.0,0.0,0.0
Trump 2017,WO-08,10.0,8.0,-2.0,-20.0
Trump 2017,WO-09,4.0,3.0,-1.0,-25.0
Trump 2017,WO-10,10.0,10.0,0.0,0.0
Trump 2017,WO-11,25.0,29.0,4.0,16.0
Trump 2017,WQ-10,6.0,6.0,0.0,0.0
Trump 2017,WQ-11,0.0,1.0,1.0,100.0
Trump 2017,WQ-12,1.0,1.0,0.0,0.0
Trump 2017,WQ-14,2.0,1.0,-1.0,-50.0
Trump 2017,WR-10,2.0,2.0,0.0,0.0
Trump 2017,WS-01,56.0,63.0,7.0,12.5
Trump 2017,WS-02,860.0,866.0,6.0,0.6976744186046512
Trump 2017,WS-03,541.0,547.0,6.0,1.1090573012939002
Trump 2017,WS-04,1199.0,1211.0,12.0,1.0008340283569641
Trump 2017,WS-05,475.0,478.0,3.0,0.631578947368421
Trump 2017,WS-06,792.0,768.0,-24.0,-3.0303030303030303
Trump 2017,WS-07,605.0,595.0,-10.0,-1.6528925619834711
Trump 2017,WS-08,3424.0,3431.0,7.0,0.20443925233644858
Trump 2017,WS-09,2433.0,2406.0,-27.0,-1.1097410604192355
Trump 2017,WS-10,5953.0,5921.0,-32.0,-0.537544095414077
Trump 2017,WS-11,1856.0,1833.0,-23.0,-1.2392241379310345
Trump 2017,WS-12,596.0,585.0,-11.0,-1.8456375838926176
Trump 2017,WS-13,598.0,589.0,-9.0,-1.5050167224080269
Trump 2017,WS-14,1341.0,1351.0,10.0,0.7457121551081283
Trump 2017,WS-15,290.0,290.0,0.0,0.0
Trump 2017,WS-16,116.0,110.0,-6.0,-5.172413793103448
Trump 2017,WS-17,49.0,44.0,-5.0,-10.204081632653061
Trump 2017,WS-18,13.0,12.0,-1.0,-7.6923076923076925
Trump 2017,WT-00,3099.0,3162.0,63.0,2.032913843175218
Trump 2017,WU-08,3.0,4.0,1.0,33.33333333333333
Trump 2017,WU-10,56.0,50.0,-6.0,-10.714285714285714
Trump 2017,WU-11,12.0,11.0,-1.0,-8.333333333333332
Trump 2017,WU-12,21.0,17.0,-4.0,-19.047619047619047
Trump 2017,WU-13,1.0,2.0,1.0,100.0
Trump 2017,WY-03,40.0,14.0,-26.0,-65.0
Trump 2017,WY-04,1.0,1.0,0.0,0.0
Trump 2017,WY-05,82.0,48.0,-34.0,-41.46341463414634
Trump 2017,WY-06,4.0,5.0,1.0,25.0
Trump 2017,WY-07,44.0,48.0,4.0,9.090909090909092
Trump 2017,WY-08,381.0,370.0,-11.0,-2.8871391076115485
Trump 2017,WY-09,659.0,656.0,-3.0,-0.4552352048558422
Trump 2017,WY-10,136.0,134.0,-2.0,-1.4705882352941175
Trump 2017,WY-11,88.0,92.0,4.0,4.545454545454546
Trump 2017,WY-12,6.0,6.0,0.0,0.0
Trump 2017,XA-03,12.0,0.0,-12.0,-100.0
Trump 2017,XA-05,129.0,29.0,-100.0,-77.51937984496125
Trump 2017,XA-06,1.0,0.0,-1.0,-100.0
Trump 2017,XA-07,79.0,47.0,-32.0,-40.50632911392405
Trump 2017,XA-08,10.0,9.0,-1.0,-10.0
Trump 2017,XA-09,18.0,15.0,-3.0,-16.666666666666664
Trump 2017,XA-10,28.0,27.0,-1.0,-3.571428571428571
Trump 2017,XB-05,5.0,5.0,0.0,0.0
Trump 2017,XB-07,4.0,6.0,2.0,50.0
Trump 2017,XC-05,6.0,6.0,0.0,0.0
Trump 2017,XC-08,3.0,3.0,0.0,0.0
Trump 2017,XC-10,13.0,12.0,-1.0,-7.6923076923076925
Trump 2017,XE-00,68.0,72.0,4.0,5.88235294117647
Trump 2017,XF-02,30.0,1.0,-29.0,-96.66666666666667
Trump 2017,XF-03,4.0,0.0,-4.0,-100.0
Trump 2017,XF-04,85.0,3.0,-82.0,-96.47058823529412
Trump 2017,XF-05,24.0,3.0,-21.0,-87.5
Trump 2017,XF-06,142.0,111.0,-31.0,-21.830985915492956
Trump 2017,XF-07,25.0,19.0,-6.0,-24.0
Trump 2017,XF-08,76.0,52.0,-24.0,-31.57894736842105
Trump 2017,XF-09,46.0,44.0,-2.0,-4.3478260869565215
Trump 2017,XF-10,70.0,62.0,-8.0,-11.428571428571429
Trump 2017,XF-11,53.0,54.0,1.0,1.8867924528301887
Trump 2017,XF-12,58.0,53.0,-5.0,-8.620689655172415
Trump 2017,XF-13,2.0,3.0,1.0,50.0
Trump 2017,XF-14,2.0,2.0,0.0,0.0
Trump 2017,XG-04,4.0,0.0,-4.0,-100.0
Trump 2017,XG-06,22.0,17.0,-5.0,-22.727272727272727
Trump 2017,XG-08,3.0,3.0,0.0,0.0
Trump 2017,XG-09,3.0,3.0,0.0,0.0
Trump 2017,XG-10,3.0,3.0,0.0,0.0
Trump 2017,XG-11,9.0,8.0,-1.0,-11.11111111111111
Trump 2017,XH-05,2.0,2.0,0.0,0.0
Trump 2017,XH-06,10.0,10.0,0.0,0.0
Trump 2017,XH-07,36.0,35.0,-1.0,-2.7777777777777777
Trump 2017,XH-08,55.0,51.0,-4.0,-7.2727272727272725
Trump 2017,XH-09,33.0,32.0,-1.0,-3.0303030303030303
Trump 2017,XH-10,31.0,32.0,1.0,3.225806451612903
Trump 2017,XH-11,30.0,23.0,-7.0,-23.333333333333332
Trump 2017,XH-12,33.0,29.0,-4.0,-12.121212121212121
Trump 2017,XH-13,22.0,26.0,4.0,18.181818181818183
Trump 2017,XH-14,16.0,12.0,-4.0,-25.0
Trump 2017,XH-15,12.0,16.0,4.0,33.33333333333333
Trump 2017,XH-16,17.0,17.0,0.0,0.0
Trump 2017,XH-17,5.0,5.0,0.0,0.0
Trump 2017,XL-08,1.0,0.0,-1.0,-100.0
Trump 2017,XP-08,4.0,0.0,-4.0,-100.0
Trump 2017,ZA-01,14.0,13.0,-1.0,-7.142857142857142
Trump 2017,ZA-02,323.0,350.0,27.0,8.359133126934983
Trump 2017,ZA-03,975.0,970.0,-5.0,-0.5128205128205128
Trump 2017,ZA-04,1165.0,1195.0,30.0,2.575107296137339
Trump 2017,ZA-05,354.0,354.0,0.0,0.0
Trump 2017,ZP-01,42.0,50.0,8.0,19.047619047619047
Trump 2017,ZP-02,366.0,376.0,10.0,2.73224043715847
Trump 2017,ZP-03,1988.0,2023.0,35.0,1.7605633802816902
Trump 2017,ZP-04,2713.0,2737.0,24.0,0.8846295613711759
Trump 2017,ZP-05,980.0,978.0,-2.0,-0.20408163265306123
Trump 2017,ZS-01,20.0,21.0,1.0,5.0
Trump 2017,ZS-02,48.0,41.0,-7.0,-14.583333333333334
Trump 2017,ZS-03,183.0,195.0,12.0,6.557377049180328
Trump 2017,ZS-04,371.0,364.0,-7.0,-1.8867924528301887
Trump 2017,ZS-05,76.0,69.0,-7.0,-9.210526315789473
Trump 2017,ZT-01,11.0,15.0,4.0,36.36363636363637
Trump 2017,ZT-02,68.0,69.0,1.0,1.4705882352941175
Trump 2017,ZT-03,150.0,146.0,-4.0,-2.666666666666667
Trump 2017,ZT-04,208.0,217.0,9.0,4.326923076923077
Trump 2017,ZT-05,39.0,34.0,-5.0,-12.82051282051282
Trump 2017,ZZ-00,452.0,426.0,-26.0,-5.752212389380531
Biden 2021,AA-01,16.0,4.0,-12.0,-75.0
Biden 2021,AA-02,2.0,5.0,3.0,150.0
Biden 2021,AA-03,11.0,5.0,-6.0,-54.54545454545454
Biden 2021,AA-04,11.0,16.0,5.0,45.45454545454545
Biden 2021,AA-05,3.0,8.0,5.0,166.66666666666669
Biden 2021,AA-06,38.0,34.0,-4.0,-10.526315789473683
Biden 2021,AD-00,15594.0,11784.0,-3810.0,-24.43247402847249
Biden 2021,AD-01,2280.0,2552.0,272.0,11.929824561403509
Biden 2021,AD-02,4058.0,4182.0,124.0,3.0556924593395762
Biden 2021,AD-03,1631.0,1741.0,110.0,6.7443286327406495
Biden 2021,AD-04,1740.0,1749.0,9.0,0.5172413793103449
Biden 2021,AD-05,1199.0,1192.0,-7.0,-0.5838198498748958
Biden 2021,AD-06,160.0,167.0,7.0,4.375
Biden 2021,AD-07,815.0,813.0,-2.0,-0.245398773006135
Biden 2021,AD-08,52.0,51.0,-1.0,-1.9230769230769231
Biden 2021,AD-09,310.0,307.0,-3.0,-0.967741935483871
Biden 2021,AD-10,68.0,69.0,1.0,1.4705882352941175
Biden 2021,AD-11,255.0,245.0,-10.0,-3.9215686274509802
Biden 2021,AD-12,367.0,331.0,-36.0,-9.809264305177113
Biden 2021,AD-13,584.0,547.0,-37.0,-6.335616438356165
Biden 2021,AD-14,637.0,634.0,-3.0,-0.47095761381475665
Biden 2021,AD-15,483.0,474.0,-9.0,-1.8633540372670807
Biden 2021,AD-16,645.0,674.0,29.0,4.496124031007752
Biden 2021,AD-17,261.0,276.0,15.0,5.747126436781609
Biden 2021,AD-18,154.0,161.0,7.0,4.545454545454546
Biden 2021,AD-21,156.0,175.0,19.0,12.179487179487179
Biden 2021,AD-22,235.0,234.0,-1.0,-0.425531914893617
Biden 2021,AD-23,384.0,442.0,58.0,15.104166666666666
Biden 2021,AD-24,120.0,121.0,1.0,0.8333333333333334
Biden 2021,AD-25,314.0,358.0,44.0,14.012738853503185
Biden 2021,AD-26,263.0,292.0,29.0,11.02661596958175
Biden 2021,AD-27,327.0,349.0,22.0,6.727828746177369
Biden 2021,AD-28,279.0,289.0,10.0,3.584229390681003
Biden 2021,AD-29,3677.0,3618.0,-59.0,-1.6045689420723417
Biden 2021,AD-30,29.0,26.0,-3.0,-10.344827586206897
Biden 2021,AD-31,135.0,136.0,1.0,0.7407407407407408
Biden 2021,AD-33,524.0,531.0,7.0,1.3358778625954197
Biden 2021,AD-35,167.0,174.0,7.0,4.191616766467066
Biden 2021,AD-37,353.0,352.0,-1.0,-0.28328611898017
Biden 2021,AD-39,15.0,15.0,0.0,0.0
Biden 2021,AD-40,78.0,3.0,-75.0,-96.15384615384616
Biden 2021,ADH-01,0.0,1.0,1.0,100.0
Biden 2021,ADH-02,0.0,2.0,2.0,100.0
Biden 2021,ADH-03,0.0,2.0,2.0,100.0
Biden 2021,ADS-03,0.0,5.0,5.0,100.0
Biden 2021,ADS-04,0.0,5.0,5.0,100.0
Biden 2021,ADS-05,0.0,4.0,4.0,100.0
Biden 2021,ADS-06,0.0,5.0,5.0,100.0
Biden 2021,ADT-02,0.0,6.0,6.0,100.0
Biden 2021,ADW-01,0.0,2.0,2.0,100.0
Biden 2021,ADW-02,0.0,2.0,2.0,100.0
Biden 2021,ADW-03,0.0,1.0,1.0,100.0
Biden 2021,AJ-00,9.0,9.0,0.0,0.0
Biden 2021,AL-01,3.0,4.0,1.0,33.33333333333333
Biden 2021,AL-02,41.0,38.0,-3.0,-7.317073170731707
Biden 2021,AL-03,1764.0,1726.0,-38.0,-2.1541950113378685
Biden 2021,BB-00,1537.0,1496.0,-41.0,-2.6675341574495772
Biden 2021,BL-00,94.0,95.0,1.0,1.0638297872340425
Biden 2021,BS-00,113.0,116.0,3.0,2.6548672566371683
Biden 2021,CA-01,2.0,2.0,0.0,0.0
Biden 2021,CA-02,4.0,4.0,0.0,0.0
Biden 2021,CA-03,31.0,33.0,2.0,6.451612903225806
Biden 2021,CE-01,103.0,105.0,2.0,1.9417475728155338
Biden 2021,CE-02,202.0,197.0,-5.0,-2.4752475247524752
Biden 2021,CE-03,74.0,70.0,-4.0,-5.405405405405405
Biden 2021,CE-04,13.0,16.0,3.0,23.076923076923077
Biden 2021,CE-05,7.0,7.0,0.0,0.0
Biden 2021,CE-06,29.0,32.0,3.0,10.344827586206897
Biden 2021,CE-07,20.0,21.0,1.0,5.0
Biden 2021,CE-08,11.0,11.0,0.0,0.0
Biden 2021,CE-09,1.0,1.0,0.0,0.0
Biden 2021,CE-10,1.0,1.0,0.0,0.0
Biden 2021,CG-03,4.0,6.0,2.0,50.0
Biden 2021,CG-04,66.0,86.0,20.0,30.303030303030305
Biden 2021,CG-05,26.0,23.0,-3.0,-11.538461538461538
Biden 2021,CG-06,98.0,92.0,-6.0,-6.122448979591836
Biden 2021,CG-07,465.0,465.0,0.0,0.0
Biden 2021,CG-08,68.0,57.0,-11.0,-16.176470588235293
Biden 2021,CG-09,346.0,353.0,7.0,2.023121387283237
Biden 2021,CG-11,277.0,279.0,2.0,0.7220216606498195
Biden 2021,CG-12,895.0,889.0,-6.0,-0.6703910614525139
Biden 2021,CG-13,922.0,952.0,30.0,3.2537960954446854
Biden 2021,CG-14,1258.0,1293.0,35.0,2.7821939586645468
Biden 2021,CG-15,637.0,655.0,18.0,2.8257456828885403
Biden 2021,CM-01,447.0,445.0,-2.0,-0.44742729306487694
Biden 2021,CM-02,200.0,199.0,-1.0,-0.5
Biden 2021,CN-20,5.0,3.0,-2.0,-40.0
Biden 2021,CN-30,24.0,36.0,12.0,50.0
Biden 2021,CN-33,10.0,9.0,-1.0,-10.0
Biden 2021,CN-40,38.0,37.0,-1.0,-2.631578947368421
Biden 2021,CN-41,2.0,1.0,-1.0,-50.0
Biden 2021,CN-42,4.0,6.0,2.0,50.0
Biden 2021,CN-43,7.0,8.0,1.0,14.285714285714285
Biden 2021,CN-51,139.0,150.0,11.0,7.913669064748201
Biden 2021,CN-52,155.0,154.0,-1.0,-0.6451612903225806
Biden 2021,CN-53,309.0,289.0,-20.0,-6.472491909385113
Biden 2021,CN-60,401.0,417.0,16.0,3.99002493765586
Biden 2021,CN-71,334.0,355.0,21.0,6.287425149700598
Biden 2021,CN-81,31.0,29.0,-2.0,-6.451612903225806
Biden 2021,CN-82,20.0,19.0,-1.0,-5.0
Biden 2021,CN-90,11.0,13.0,2.0,18.181818181818183
Biden 2021,CT-05,1.0,0.0,-1.0,-100.0
Biden 2021,CT-07,4.0,3.0,-1.0,-25.0
Biden 2021,CT-08,4.0,4.0,0.0,0.0
Biden 2021,CT-09,6.0,5.0,-1.0,-16.666666666666664
Biden 2021,CT-10,4.0,3.0,-1.0,-25.0
Biden 2021,CT-11,10.0,11.0,1.0,10.0
Biden 2021,CT-12,21.0,20.0,-1.0,-4.761904761904762
Biden 2021,CT-13,74.0,63.0,-11.0,-14.864864864864865
Biden 2021,CT-14,356.0,373.0,17.0,4.775280898876404
Biden 2021,CT-15,152.0,150.0,-2.0,-1.3157894736842104
Biden 2021,CT-16,43.0,42.0,-1.0,-2.3255813953488373
Biden 2021,CT-17,4.0,3.0,-1.0,-25.0
Biden 2021,CT-18,7.0,6.0,-1.0,-14.285714285714285
Biden 2021,CU-06,9.0,7.0,-2.0,-22.22222222222222
Biden 2021,CU-07,27.0,30.0,3.0,11.11111111111111
Biden 2021,CU-08,10.0,6.0,-4.0,-40.0
Biden 2021,CU-09,59.0,76.0,17.0,28.8135593220339
Biden 2021,CU-10,1.0,1.0,0.0,0.0
Biden 2021,CU-11,134.0,138.0,4.0,2.9850746268656714
Biden 2021,CU-12,285.0,282.0,-3.0,-1.0526315789473684
Biden 2021,CU-13,150.0,146.0,-4.0,-2.666666666666667
Biden 2021,CU-14,258.0,248.0,-10.0,-3.875968992248062
Biden 2021,CU-15,132.0,139.0,7.0,5.303030303030303
Biden 2021,CX-00,17.0,14.0,-3.0,-17.647058823529413
Biden 2021,CY-01,672.0,631.0,-41.0,-6.101190476190476
Biden 2021,CY-02,700.0,698.0,-2.0,-0.2857142857142857
Biden 2021,CY-03,44.0,43.0,-1.0,-2.272727272727273
Biden 2021,CY-04,32.0,33.0,1.0,3.125
Biden 2021,CY-05,12.0,9.0,-3.0,-25.0
Biden 2021,CY-06,18.0,19.0,1.0,5.555555555555555
Biden 2021,CY-07,15.0,14.0,-1.0,-6.666666666666667
Biden 2021,CY-08,1.0,0.0,-1.0,-100.0
Biden 2021,CY-11,194.0,189.0,-5.0,-2.5773195876288657
Biden 2021,CY-12,71.0,69.0,-2.0,-2.8169014084507045
Biden 2021,CY-13,81.0,84.0,3.0,3.7037037037037033
Biden 2021,CY-14,256.0,258.0,2.0,0.78125
Biden 2021,CY-15,56.0,55.0,-1.0,-1.7857142857142856
Biden 2021,CY-16,104.0,99.0,-5.0,-4.807692307692308
Biden 2021,CY-17,15.0,15.0,0.0,0.0
Biden 2021,CY-21,33.0,34.0,1.0,3.0303030303030303
Biden 2021,CY-22,7.0,6.0,-1.0,-14.285714285714285
Biden 2021,CY-23,9.0,10.0,1.0,11.11111111111111
Biden 2021,CY-24,3.0,3.0,0.0,0.0
Biden 2021,DA-01,2.0,0.0,-2.0,-100.0
Biden 2021,DA-02,90.0,87.0,-3.0,-3.3333333333333335
Biden 2021,DA-03,258.0,265.0,7.0,2.7131782945736433
Biden 2021,DA-04,408.0,412.0,4.0,0.9803921568627451
Biden 2021,DA-05,437.0,438.0,1.0,0.2288329519450801
Biden 2021,DA-06,412.0,413.0,1.0,0.24271844660194172
Biden 2021,DB-01,98.0,74.0,-24.0,-24.489795918367346
Biden 2021,DB-02,1017.0,954.0,-63.0,-6.1946902654867255
Biden 2021,DB-03,5087.0,5143.0,56.0,1.100845291920582
Biden 2021,DB-04,3397.0,3436.0,39.0,1.1480718280836033
Biden 2021,DB-05,365.0,353.0,-12.0,-3.287671232876712
Biden 2021,DB-06,12.0,33.0,21.0,175.0
Biden 2021,DE-01,5.0,2.0,-3.0,-60.0
Biden 2021,DE-02,478.0,431.0,-47.0,-9.832635983263598
Biden 2021,DE-03,1742.0,1775.0,33.0,1.894374282433984
Biden 2021,DE-04,440.0,430.0,-10.0,-2.272727272727273
Biden 2021,DE-05,39.0,36.0,-3.0,-7.6923076923076925
Biden 2021,DG-00,1.0,1.0,0.0,0.0
Biden 2021,DG-01,0.0,2.0,2.0,100.0
Biden 2021,DG-02,59.0,52.0,-7.0,-11.864406779661017
Biden 2021,DG-03,130.0,127.0,-3.0,-2.307692307692308
Biden 2021,DG-04,121.0,130.0,9.0,7.43801652892562
Biden 2021,DG-05,34.0,32.0,-2.0,-5.88235294117647
Biden 2021,DG-06,1.0,2.0,1.0,100.0
Biden 2021,DJ-01,2.0,1.0,-1.0,-50.0
Biden 2021,DJ-02,237.0,241.0,4.0,1.6877637130801686
Biden 2021,DJ-03,777.0,794.0,17.0,2.187902187902188
Biden 2021,DJ-04,429.0,437.0,8.0,1.8648018648018647
Biden 2021,DJ-05,30.0,32.0,2.0,6.666666666666667
Biden 2021,DK-01,1.0,1.0,0.0,0.0
Biden 2021,DK-02,177.0,170.0,-7.0,-3.954802259887006
Biden 2021,DK-03,161.0,164.0,3.0,1.8633540372670807
Biden 2021,DK-04,21.0,20.0,-1.0,-4.761904761904762
Biden 2021,DN-02,2.0,2.0,0.0,0.0
Biden 2021,DN-03,8.0,6.0,-2.0,-25.0
Biden 2021,DN-04,26.0,27.0,1.0,3.8461538461538463
Biden 2021,DN-05,25.0,24.0,-1.0,-4.0
Biden 2021,DO-01,154.0,156.0,2.0,1.2987012987012987
Biden 2021,DO-02,489.0,494.0,5.0,1.0224948875255624
Biden 2021,DO-03,165.0,179.0,14.0,8.484848484848486
Biden 2021,DO-04,40.0,47.0,7.0,17.5
Biden 2021,DP-01,37.0,32.0,-5.0,-13.513513513513514
Biden 2021,DP-02,675.0,598.0,-77.0,-11.407407407407408
Biden 2021,DP-03,1517.0,1593.0,76.0,5.009887936717205
Biden 2021,DP-04,3792.0,3802.0,10.0,0.26371308016877637
Biden 2021,DP-05,1281.0,1273.0,-8.0,-0.624512099921936
Biden 2021,DP-06,24.0,23.0,-1.0,-4.166666666666666
Biden 2021,DR-01,188.0,189.0,1.0,0.5319148936170213
Biden 2021,DR-02,1327.0,1275.0,-52.0,-3.9186134137151467
Biden 2021,DR-03,1202.0,1249.0,47.0,3.9101497504159735
Biden 2021,DR-04,693.0,703.0,10.0,1.443001443001443
Biden 2021,DR-05,8.0,9.0,1.0,12.5
Biden 2021,DS-01,1.0,2.0,1.0,100.0
Biden 2021,DS-02,52.0,55.0,3.0,5.769230769230769
Biden 2021,DS-03,107.0,122.0,15.0,14.018691588785046
Biden 2021,DS-04,338.0,331.0,-7.0,-2.0710059171597637
Biden 2021,DS-05,592.0,587.0,-5.0,-0.8445945945945946
Biden 2021,DS-06,218.0,242.0,24.0,11.009174311926607
Biden 2021,DT-01,24.0,21.0,-3.0,-12.5
Biden 2021,DT-02,35.0,35.0,0.0,0.0
Biden 2021,DT-03,103.0,99.0,-4.0,-3.8834951456310676
Biden 2021,DT-04,307.0,304.0,-3.0,-0.9771986970684038
Biden 2021,DT-05,111.0,108.0,-3.0,-2.7027027027027026
Biden 2021,DU-01,12.0,14.0,2.0,16.666666666666664
Biden 2021,DU-02,71.0,75.0,4.0,5.633802816901409
Biden 2021,DU-03,29.0,32.0,3.0,10.344827586206897
Biden 2021,DU-04,5.0,9.0,4.0,80.0
Biden 2021,DX-03,4.0,6.0,2.0,50.0
Biden 2021,DX-04,15.0,14.0,-1.0,-6.666666666666667
Biden 2021,ED-00,376.0,348.0,-28.0,-7.446808510638298
Biden 2021,ED-13,1.0,3.0,2.0,200.0
Biden 2021,ED-14,1.0,1.0,0.0,0.0
Biden 2021,ED-15,32.0,44.0,12.0,37.5
Biden 2021,EE-00,387.0,407.0,20.0,5.167958656330749
Biden 2021,EE-01,0.0,1.0,1.0,100.0
Biden 2021,EE-03,1.0,0.0,-1.0,-100.0
Biden 2021,EF-00,2232.0,1981.0,-251.0,-11.245519713261649
Biden 2021,EF-13,5.0,5.0,0.0,0.0
Biden 2021,EF-14,4.0,5.0,1.0,25.0
Biden 2021,EF-15,8.0,11.0,3.0,37.5
Biden 2021,EG-00,31.0,27.0,-4.0,-12.903225806451612
Biden 2021,EH-00,600.0,387.0,-213.0,-35.5
Biden 2021,EI-00,3311.0,3223.0,-88.0,-2.6578073089700998
Biden 2021,EJ-02,3.0,4.0,1.0,33.33333333333333
Biden 2021,EJ-03,9.0,12.0,3.0,33.33333333333333
Biden 2021,EJ-04,99.0,103.0,4.0,4.040404040404041
Biden 2021,EJ-05,32.0,29.0,-3.0,-9.375
Biden 2021,EK-04,10.0,11.0,1.0,10.0
Biden 2021,EK-05,21.0,21.0,0.0,0.0
Biden 2021,EL-04,9.0,8.0,-1.0,-11.11111111111111
Biden 2021,EL-05,0.0,1.0,1.0,100.0
Biden 2021,EL-06,1.0,0.0,-1.0,-100.0
Biden 2021,EL-07,13.0,14.0,1.0,7.6923076923076925
Biden 2021,EL-08,3.0,3.0,0.0,0.0
Biden 2021,EL-09,19.0,20.0,1.0,5.263157894736842
Biden 2021,EL-11,26.0,29.0,3.0,11.538461538461538
Biden 2021,EL-12,51.0,52.0,1.0,1.9607843137254901
Biden 2021,EL-13,106.0,117.0,11.0,10.377358490566039
Biden 2021,EL-14,259.0,269.0,10.0,3.861003861003861
Biden 2021,EL-15,203.0,207.0,4.0,1.9704433497536946
Biden 2021,EM-00,126.0,126.0,0.0,0.0
Biden 2021,EN-03,1.0,2.0,1.0,100.0
Biden 2021,EN-04,1.0,1.0,0.0,0.0
Biden 2021,EN-05,1.0,1.0,0.0,0.0
Biden 2021,ER-01,6.0,7.0,1.0,16.666666666666664
Biden 2021,ER-02,3.0,5.0,2.0,66.66666666666666
Biden 2021,ER-03,9.0,9.0,0.0,0.0
Biden 2021,ES-01,1.0,0.0,-1.0,-100.0
Biden 2021,ET-02,3.0,2.0,-1.0,-33.33333333333333
Biden 2021,ET-03,10.0,14.0,4.0,40.0
Biden 2021,EV-01,19.0,20.0,1.0,5.263157894736842
Biden 2021,EV-02,156.0,155.0,-1.0,-0.641025641025641
Biden 2021,EV-03,13.0,10.0,-3.0,-23.076923076923077
Biden 2021,EX-01,18.0,17.0,-1.0,-5.555555555555555
Biden 2021,EX-02,40.0,21.0,-19.0,-47.5
Biden 2021,EX-03,84.0,39.0,-45.0,-53.57142857142857
Biden 2021,EX-04,222.0,94.0,-128.0,-57.65765765765766
Biden 2021,EX-05,14.0,7.0,-7.0,-50.0
Biden 2021,FE-01,25.0,25.0,0.0,0.0
Biden 2021,FE-02,37.0,43.0,6.0,16.216216216216218
Biden 2021,FE-03,157.0,145.0,-12.0,-7.643312101910828
Biden 2021,FG-01,412.0,248.0,-164.0,-39.80582524271845
Biden 2021,FG-03,2.0,2.0,0.0,0.0
Biden 2021,FG-04,2.0,2.0,0.0,0.0
Biden 2021,FG-05,4.0,2.0,-2.0,-50.0
Biden 2021,FG-06,11.0,18.0,7.0,63.63636363636363
Biden 2021,FG-07,156.0,158.0,2.0,1.282051282051282
Biden 2021,FG-08,41.0,35.0,-6.0,-14.634146341463413
Biden 2021,FG-09,185.0,187.0,2.0,1.0810810810810811
Biden 2021,FG-10,53.0,52.0,-1.0,-1.8867924528301887
Biden 2021,FG-11,116.0,104.0,-12.0,-10.344827586206897
Biden 2021,FG-12,557.0,508.0,-49.0,-8.797127468581687
Biden 2021,FG-13,1839.0,1816.0,-23.0,-1.2506797172376292
Biden 2021,FG-14,2142.0,2134.0,-8.0,-0.3734827264239029
Biden 2021,FG-15,27.0,25.0,-2.0,-7.4074074074074066
Biden 2021,FJ-00,4.0,1.0,-3.0,-75.0
Biden 2021,FL-07,1.0,0.0,-1.0,-100.0
Biden 2021,FL-08,2.0,1.0,-1.0,-50.0
Biden 2021,FL-09,1.0,1.0,0.0,0.0
Biden 2021,FL-10,3.0,3.0,0.0,0.0
Biden 2021,FL-11,5.0,5.0,0.0,0.0
Biden 2021,FO-01,433.0,470.0,37.0,8.545034642032332
Biden 2021,FO-02,442.0,468.0,26.0,5.88235294117647
Biden 2021,FO-03,473.0,393.0,-80.0,-16.913319238900634
Biden 2021,FO-04,3.0,2.0,-1.0,-33.33333333333333
Biden 2021,FP-01,217.0,241.0,24.0,11.059907834101383
Biden 2021,FP-02,499.0,539.0,40.0,8.016032064128256
Biden 2021,FP-03,512.0,553.0,41.0,8.0078125
Biden 2021,FP-04,389.0,350.0,-39.0,-10.025706940874036
Biden 2021,FP-05,150.0,162.0,12.0,8.0
Biden 2021,FP-06,14.0,17.0,3.0,21.428571428571427
Biden 2021,FP-07,68.0,53.0,-15.0,-22.058823529411764
Biden 2021,FS-07,2.0,2.0,0.0,0.0
Biden 2021,FW-03,1.0,1.0,0.0,0.0
Biden 2021,FW-05,1.0,1.0,0.0,0.0
Biden 2021,FW-06,17.0,23.0,6.0,35.294117647058826
Biden 2021,FW-07,31.0,15.0,-16.0,-51.61290322580645
Biden 2021,FW-08,5.0,3.0,-2.0,-40.0
Biden 2021,FW-09,5.0,5.0,0.0,0.0
Biden 2021,FW-10,13.0,19.0,6.0,46.15384615384615
Biden 2021,FW-11,25.0,25.0,0.0,0.0
Biden 2021,GE-00,16.0,15.0,-1.0,-6.25
Biden 2021,GG-01,1.0,0.0,-1.0,-100.0
Biden 2021,GG-02,12.0,13.0,1.0,8.333333333333332
Biden 2021,GG-03,205.0,161.0,-44.0,-21.463414634146343
Biden 2021,GG-04,4079.0,4284.0,205.0,5.025741603334151
Biden 2021,GG-05,1183.0,1101.0,-82.0,-6.931530008453085
Biden 2021,GG-06,643.0,689.0,46.0,7.153965785381026
Biden 2021,GG-07,1169.0,1027.0,-142.0,-12.147134302822927
Biden 2021,GG-08,188.0,162.0,-26.0,-13.829787234042554
Biden 2021,GG-09,1326.0,1113.0,-213.0,-16.063348416289593
Biden 2021,GG-10,120.0,106.0,-14.0,-11.666666666666666
Biden 2021,GG-11,2607.0,2283.0,-324.0,-12.428078250863061
Biden 2021,GG-12,8202.0,7621.0,-581.0,-7.083638137039746
Biden 2021,GG-13,10420.0,10445.0,25.0,0.23992322456813817
Biden 2021,GG-14,5060.0,5166.0,106.0,2.0948616600790513
Biden 2021,GG-15,2236.0,2254.0,18.0,0.8050089445438283
Biden 2021,GI-13,3.0,3.0,0.0,0.0
Biden 2021,GI-14,2.0,2.0,0.0,0.0
Biden 2021,GI-15,1.0,1.0,0.0,0.0
Biden 2021,GL-03,8.0,2.0,-6.0,-75.0
Biden 2021,GL-04,43.0,45.0,2.0,4.651162790697675
Biden 2021,GL-05,2890.0,2487.0,-403.0,-13.944636678200691
Biden 2021,GL-06,2446.0,2843.0,397.0,16.230580539656582
Biden 2021,GL-07,8600.0,8297.0,-303.0,-3.523255813953488
Biden 2021,GL-08,6726.0,6590.0,-136.0,-2.0220041629497474
Biden 2021,GL-09,7582.0,7549.0,-33.0,-0.43524136111843836
Biden 2021,GL-10,2296.0,2265.0,-31.0,-1.3501742160278747
Biden 2021,GM-13,47.0,40.0,-7.0,-14.893617021276595
Biden 2021,GM-14,44.0,36.0,-8.0,-18.181818181818183
Biden 2021,GM-15,118.0,101.0,-17.0,-14.40677966101695
Biden 2021,GP-11,40.0,35.0,-5.0,-12.5
Biden 2021,GP-12,251.0,250.0,-1.0,-0.398406374501992
Biden 2021,GP-13,365.0,370.0,5.0,1.36986301369863
Biden 2021,GP-14,1726.0,1721.0,-5.0,-0.28968713789107764
Biden 2021,GP-15,2613.0,2569.0,-44.0,-1.6838882510524302
Biden 2021,GR-15,7.0,7.0,0.0,0.0
Biden 2021,GS-01,524.0,422.0,-102.0,-19.46564885496183
Biden 2021,GS-02,1161.0,962.0,-199.0,-17.14039621016365
Biden 2021,GS-03,9991.0,8324.0,-1667.0,-16.685016514863378
Biden 2021,GS-04,33586.0,28327.0,-5259.0,-15.658310010123266
Biden 2021,GS-05,80699.0,76084.0,-4615.0,-5.71878214104264
Biden 2021,GS-06,99224.0,100464.0,1240.0,1.249697653793437
Biden 2021,GS-07,112646.0,110297.0,-2349.0,-2.0852937521083748
Biden 2021,GS-08,48410.0,48780.0,370.0,0.7643048956827101
Biden 2021,GS-09,132910.0,134033.0,1123.0,0.8449326611993078
Biden 2021,GS-10,11784.0,11783.0,-1.0,-0.008486082824168363
Biden 2021,GS-11,194326.0,195733.0,1407.0,0.7240410444304931
Biden 2021,GS-12,290571.0,293678.0,3107.0,1.069273946815064
Biden 2021,GS-13,251598.0,254319.0,2721.0,1.081487134237951
Biden 2021,GS-14,125441.0,127331.0,1890.0,1.5066844173754992
Biden 2021,GS-15,59029.0,59472.0,443.0,0.7504785783259077
Biden 2021,IC-05,41.0,36.0,-5.0,-12.195121951219512
Biden 2021,IC-06,66.0,62.0,-4.0,-6.0606060606060606
Biden 2021,IC-07,278.0,241.0,-37.0,-13.309352517985612
Biden 2021,IC-08,41.0,50.0,9.0,21.951219512195124
Biden 2021,IC-09,1264.0,1205.0,-59.0,-4.667721518987341
Biden 2021,IC-11,1403.0,1553.0,150.0,10.691375623663578
Biden 2021,IC-12,2299.0,2744.0,445.0,19.356241844280124
Biden 2021,IC-13,1113.0,1309.0,196.0,17.61006289308176
Biden 2021,IC-14,278.0,291.0,13.0,4.676258992805756
Biden 2021,IC-15,100.0,98.0,-2.0,-2.0
Biden 2021,IE-00,73.0,72.0,-1.0,-1.36986301369863
Biden 2021,IG-00,18.0,18.0,0.0,0.0
Biden 2021,IH-00,490.0,718.0,228.0,46.53061224489796
Biden 2021,IJ-00,543.0,549.0,6.0,1.1049723756906076
Biden 2021,IM-01,5186.0,5069.0,-117.0,-2.2560740455071344
Biden 2021,IM-02,2309.0,2179.0,-130.0,-5.63014291901256
Biden 2021,IM-03,372.0,395.0,23.0,6.182795698924731
Biden 2021,IM-04,61.0,66.0,5.0,8.19672131147541
Biden 2021,IM-05,8.0,9.0,1.0,12.5
Biden 2021,IP-00,142.0,147.0,5.0,3.5211267605633805
Biden 2021,IT-01,21.0,6.0,-15.0,-71.42857142857143
Biden 2021,IT-02,322.0,225.0,-97.0,-30.124223602484474
Biden 2021,IT-03,247.0,257.0,10.0,4.048582995951417
Biden 2021,IT-04,84.0,109.0,25.0,29.761904761904763
Biden 2021,IT-05,46.0,56.0,10.0,21.73913043478261
Biden 2021,KA-00,31.0,30.0,-1.0,-3.225806451612903
Biden 2021,KB-00,151.0,150.0,-1.0,-0.6622516556291391
Biden 2021,KB-02,2.0,2.0,0.0,0.0
Biden 2021,KE-00,54.0,54.0,0.0,0.0
Biden 2021,KG-01,2.0,1.0,-1.0,-50.0
Biden 2021,KG-03,87.0,105.0,18.0,20.689655172413794
Biden 2021,KG-05,92.0,99.0,7.0,7.608695652173914
Biden 2021,KG-06,29.0,26.0,-3.0,-10.344827586206897
Biden 2021,KG-07,21.0,21.0,0.0,0.0
Biden 2021,KG-08,10.0,8.0,-2.0,-20.0
Biden 2021,KG-09,9.0,9.0,0.0,0.0
Biden 2021,KI-00,177.0,173.0,-4.0,-2.2598870056497176
Biden 2021,KJ-00,18.0,17.0,-1.0,-5.555555555555555
Biden 2021,KL-03,1.0,1.0,0.0,0.0
Biden 2021,KL-05,1.0,1.0,0.0,0.0
Biden 2021,KM-00,52.0,49.0,-3.0,-5.769230769230769
Biden 2021,KM-02,1.0,1.0,0.0,0.0
Biden 2021,KO-00,24.0,24.0,0.0,0.0
Biden 2021,KP-00,31.0,31.0,0.0,0.0
Biden 2021,KP-02,5.0,4.0,-1.0,-20.0
Biden 2021,KS-03,1.0,1.0,0.0,0.0
Biden 2021,KS-04,1.0,1.0,0.0,0.0
Biden 2021,KS-05,3.0,3.0,0.0,0.0
Biden 2021,KS-06,3.0,3.0,0.0,0.0
Biden 2021,KS-07,8.0,6.0,-2.0,-25.0
Biden 2021,KS-09,2.0,3.0,1.0,50.0
Biden 2021,KX-01,29.0,28.0,-1.0,-3.4482758620689653
Biden 2021,KX-03,30.0,33.0,3.0,10.0
Biden 2021,KX-04,29.0,28.0,-1.0,-3.4482758620689653
Biden 2021,KX-05,56.0,55.0,-1.0,-1.7857142857142856
Biden 2021,KX-06,49.0,48.0,-1.0,-2.0408163265306123
Biden 2021,KX-07,16.0,15.0,-1.0,-6.25
Biden 2021,KY-03,41.0,41.0,0.0,0.0
Biden 2021,LE-01,1287.0,1331.0,44.0,3.418803418803419
Biden 2021,LE-04,184.0,179.0,-5.0,-2.717391304347826
Biden 2021,LE-05,74.0,73.0,-1.0,-1.3513513513513513
Biden 2021,LE-07,26.0,26.0,0.0,0.0
Biden 2021,LE-08,17.0,17.0,0.0,0.0
Biden 2021,LE-09,6.0,6.0,0.0,0.0
Biden 2021,LE-10,1.0,1.0,0.0,0.0
Biden 2021,LE-11,1.0,1.0,0.0,0.0
Biden 2021,LL-01,69.0,72.0,3.0,4.3478260869565215
Biden 2021,MC-02,82.0,84.0,2.0,2.4390243902439024
Biden 2021,MC-03,131.0,127.0,-4.0,-3.0534351145038165
Biden 2021,MC-04,76.0,77.0,1.0,1.3157894736842104
Biden 2021,MC-05,6.0,8.0,2.0,33.33333333333333
Biden 2021,NA-02,821.0,705.0,-116.0,-14.12911084043849
Biden 2021,NA-03,176.0,159.0,-17.0,-9.659090909090908
Biden 2021,NA-04,280.0,258.0,-22.0,-7.857142857142857
Biden 2021,NA-05,69.0,64.0,-5.0,-7.246376811594203
Biden 2021,NA-06,16.0,15.0,-1.0,-6.25
Biden 2021,NA-07,2.0,2.0,0.0,0.0
Biden 2021,NA-08,3.0,3.0,0.0,0.0
Biden 2021,NB-01,1.0,1.0,0.0,0.0
Biden 2021,NB-02,8.0,7.0,-1.0,-12.5
Biden 2021,NB-03,229.0,208.0,-21.0,-9.170305676855897
Biden 2021,NB-04,618.0,570.0,-48.0,-7.766990291262135
Biden 2021,NB-05,1133.0,1095.0,-38.0,-3.3539276257722856
Biden 2021,NB-06,1200.0,1224.0,24.0,2.0
Biden 2021,NB-07,295.0,298.0,3.0,1.0169491525423728
Biden 2021,NB-08,45.0,42.0,-3.0,-6.666666666666667
Biden 2021,NB-09,9.0,7.0,-2.0,-22.22222222222222
Biden 2021,NC-01,29.0,30.0,1.0,3.4482758620689653
Biden 2021,NC-02,159.0,155.0,-4.0,-2.515723270440252
Biden 2021,NC-03,31.0,32.0,1.0,3.225806451612903
Biden 2021,ND-01,142.0,105.0,-37.0,-26.056338028169012
Biden 2021,ND-02,1202.0,1034.0,-168.0,-13.976705490848584
Biden 2021,ND-03,1993.0,1985.0,-8.0,-0.4014049172102358
Biden 2021,ND-04,10857.0,10889.0,32.0,0.29474072027263515
Biden 2021,ND-05,2920.0,2953.0,33.0,1.13013698630137
Biden 2021,ND-06,101.0,112.0,11.0,10.891089108910892
Biden 2021,NG-01,13.0,11.0,-2.0,-15.384615384615385
Biden 2021,NG-02,121.0,119.0,-2.0,-1.6528925619834711
Biden 2021,NG-03,236.0,227.0,-9.0,-3.8135593220338984
Biden 2021,NG-04,108.0,112.0,4.0,3.7037037037037033
Biden 2021,NG-05,5.0,4.0,-1.0,-20.0
Biden 2021,NH-01,39.0,40.0,1.0,2.564102564102564
Biden 2021,NH-02,3177.0,3144.0,-33.0,-1.0387157695939566
Biden 2021,NH-03,27197.0,27873.0,676.0,2.4855682612052803
Biden 2021,NH-04,15810.0,16168.0,358.0,2.2643896268184696
Biden 2021,NJ-02,139.0,141.0,2.0,1.4388489208633095
Biden 2021,NJ-03,380.0,376.0,-4.0,-1.0526315789473684
Biden 2021,NJ-04,565.0,570.0,5.0,0.8849557522123894
Biden 2021,NK-01,11.0,10.0,-1.0,-9.090909090909092
Biden 2021,NK-02,441.0,435.0,-6.0,-1.3605442176870748
Biden 2021,NK-03,203.0,212.0,9.0,4.433497536945813
Biden 2021,NL-02,1.0,1.0,0.0,0.0
Biden 2021,NL-03,14.0,14.0,0.0,0.0
Biden 2021,NL-04,24.0,22.0,-2.0,-8.333333333333332
Biden 2021,NL-05,32.0,32.0,0.0,0.0
Biden 2021,NL-06,6.0,4.0,-2.0,-33.33333333333333
Biden 2021,NL-07,3.0,3.0,0.0,0.0
Biden 2021,NM-03,11.0,13.0,2.0,18.181818181818183
Biden 2021,NM-04,992.0,996.0,4.0,0.4032258064516129
Biden 2021,NM-05,1068.0,1109.0,41.0,3.838951310861423
Biden 2021,NM-06,35.0,34.0,-1.0,-2.857142857142857
Biden 2021,NN-04,1.0,1.0,0.0,0.0
Biden 2021,NO-01,4.0,3.0,-1.0,-25.0
Biden 2021,NO-02,263.0,252.0,-11.0,-4.182509505703422
Biden 2021,NO-03,543.0,541.0,-2.0,-0.3683241252302026
Biden 2021,NO-04,1656.0,1673.0,17.0,1.0265700483091789
Biden 2021,NO-05,2327.0,2349.0,22.0,0.9454232917920068
Biden 2021,NO-06,215.0,221.0,6.0,2.7906976744186047
Biden 2021,NP-01,63.0,66.0,3.0,4.761904761904762
Biden 2021,NP-02,111.0,100.0,-11.0,-9.90990990990991
Biden 2021,NP-03,873.0,901.0,28.0,3.2073310423825885
Biden 2021,NP-04,842.0,826.0,-16.0,-1.9002375296912115
Biden 2021,NP-05,17.0,17.0,0.0,0.0
Biden 2021,NQ-02,1.0,2.0,1.0,100.0
Biden 2021,NQ-03,3.0,3.0,0.0,0.0
Biden 2021,NQ-04,1.0,1.0,0.0,0.0
Biden 2021,NR-01,8.0,6.0,-2.0,-25.0
Biden 2021,NR-02,1.0,1.0,0.0,0.0
Biden 2021,NR-03,37.0,35.0,-2.0,-5.405405405405405
Biden 2021,NR-04,522.0,507.0,-15.0,-2.8735632183908044
Biden 2021,NR-05,287.0,287.0,0.0,0.0
Biden 2021,NS-01,1.0,1.0,0.0,0.0
Biden 2021,NS-03,3.0,3.0,0.0,0.0
Biden 2021,NS-04,24.0,23.0,-1.0,-4.166666666666666
Biden 2021,NS-05,7.0,6.0,-1.0,-14.285714285714285
Biden 2021,NS-06,20.0,19.0,-1.0,-5.0
Biden 2021,NS-07,6.0,7.0,1.0,16.666666666666664
Biden 2021,NT-01,15.0,6.0,-9.0,-60.0
Biden 2021,NT-02,236.0,192.0,-44.0,-18.64406779661017
Biden 2021,NT-03,587.0,569.0,-18.0,-3.0664395229982966
Biden 2021,NT-04,3791.0,3851.0,60.0,1.5826958586125033
Biden 2021,NT-05,3858.0,3975.0,117.0,3.032659409020218
Biden 2021,NT-06,404.0,400.0,-4.0,-0.9900990099009901
Biden 2021,NX-01,41.0,44.0,3.0,7.317073170731707
Biden 2021,NX-02,19.0,22.0,3.0,15.789473684210526
Biden 2021,NY-01,18.0,15.0,-3.0,-16.666666666666664
Biden 2021,NY-02,83.0,70.0,-13.0,-15.66265060240964
Biden 2021,NY-03,302.0,299.0,-3.0,-0.9933774834437087
Biden 2021,NY-04,73.0,68.0,-5.0,-6.8493150684931505
Biden 2021,NZ-07,15.0,12.0,-3.0,-20.0
Biden 2021,NZ-08,6.0,6.0,0.0,0.0
Biden 2021,NZ-09,1.0,0.0,-1.0,-100.0
Biden 2021,OR-42,3.0,3.0,0.0,0.0
Biden 2021,OR-51,6.0,6.0,0.0,0.0
Biden 2021,OR-52,1.0,1.0,0.0,0.0
Biden 2021,OR-53,20.0,18.0,-2.0,-10.0
Biden 2021,OR-60,57.0,58.0,1.0,1.7543859649122806
Biden 2021,OR-70,16.0,17.0,1.0,6.25
Biden 2021,OR-80,5.0,4.0,-1.0,-20.0
Biden 2021,PG-03,3.0,3.0,0.0,0.0
Biden 2021,PG-04,5.0,4.0,-1.0,-20.0
Biden 2021,PG-05,19.0,15.0,-4.0,-21.052631578947366
Biden 2021,PG-06,17.0,17.0,0.0,0.0
Biden 2021,PG-07,45.0,43.0,-2.0,-4.444444444444445
Biden 2021,PG-08,6.0,8.0,2.0,33.33333333333333
Biden 2021,PG-09,31.0,35.0,4.0,12.903225806451612
Biden 2021,PG-11,42.0,36.0,-6.0,-14.285714285714285
Biden 2021,PG-12,187.0,182.0,-5.0,-2.6737967914438503
Biden 2021,PG-13,189.0,176.0,-13.0,-6.878306878306878
Biden 2021,PG-14,113.0,113.0,0.0,0.0
Biden 2021,PG-15,60.0,58.0,-2.0,-3.3333333333333335
Biden 2021,PQ-04,1.0,3.0,2.0,200.0
Biden 2021,PQ-05,12.0,11.0,-1.0,-8.333333333333332
Biden 2021,PQ-06,4.0,3.0,-1.0,-25.0
Biden 2021,PQ-07,4.0,4.0,0.0,0.0
Biden 2021,PQ-09,1.0,1.0,0.0,0.0
Biden 2021,PQ-11,1.0,1.0,0.0,0.0
Biden 2021,PU-03,1.0,1.0,0.0,0.0
Biden 2021,PU-05,2.0,2.0,0.0,0.0
Biden 2021,PU-07,3.0,2.0,-1.0,-33.33333333333333
Biden 2021,PU-09,1.0,1.0,0.0,0.0
Biden 2021,PU-10,2.0,2.0,0.0,0.0
Biden 2021,PU-12,11.0,13.0,2.0,18.181818181818183
Biden 2021,PU-13,13.0,13.0,0.0,0.0
Biden 2021,PU-14,8.0,8.0,0.0,0.0
Biden 2021,PU-15,1.0,1.0,0.0,0.0
Biden 2021,PZ-05,11.0,12.0,1.0,9.090909090909092
Biden 2021,PZ-06,1.0,2.0,1.0,100.0
Biden 2021,PZ-07,3.0,2.0,-1.0,-33.33333333333333
Biden 2021,PZ-09,2.0,2.0,0.0,0.0
Biden 2021,RA-00,21.0,20.0,-1.0,-4.761904761904762
Biden 2021,RF-00,1584.0,1578.0,-6.0,-0.3787878787878788
Biden 2021,RG-00,3907.0,4117.0,210.0,5.37496800614282
Biden 2021,RS-00,81.0,77.0,-4.0,-4.938271604938271
Biden 2021,SK-04,3.0,4.0,1.0,33.33333333333333
Biden 2021,SK-05,2.0,1.0,-1.0,-50.0
Biden 2021,SK-06,6.0,4.0,-2.0,-33.33333333333333
Biden 2021,SK-07,47.0,38.0,-9.0,-19.148936170212767
Biden 2021,SK-08,20.0,15.0,-5.0,-25.0
Biden 2021,SK-09,30.0,32.0,2.0,6.666666666666667
Biden 2021,SK-10,1.0,1.0,0.0,0.0
Biden 2021,SK-11,94.0,78.0,-16.0,-17.02127659574468
Biden 2021,SK-12,218.0,216.0,-2.0,-0.9174311926605505
Biden 2021,SK-13,376.0,374.0,-2.0,-0.5319148936170213
Biden 2021,SK-14,2177.0,2200.0,23.0,1.056499770326137
Biden 2021,SK-15,363.0,362.0,-1.0,-0.27548209366391185
Biden 2021,SK-16,582.0,577.0,-5.0,-0.859106529209622
Biden 2021,SK-17,396.0,401.0,5.0,1.2626262626262625
Biden 2021,SL-00,1009.0,1012.0,3.0,0.29732408325074333
Biden 2021,SN-00,46.0,44.0,-2.0,-4.3478260869565215
Biden 2021,SO-01,22.0,27.0,5.0,22.727272727272727
Biden 2021,SO-02,131.0,124.0,-7.0,-5.343511450381679
Biden 2021,SO-03,2.0,2.0,0.0,0.0
Biden 2021,SP-01,362.0,369.0,7.0,1.9337016574585635
Biden 2021,SP-03,12.0,12.0,0.0,0.0
Biden 2021,SP-04,92.0,92.0,0.0,0.0
Biden 2021,SP-05,27.0,26.0,-1.0,-3.7037037037037033
Biden 2021,SP-07,14.0,13.0,-1.0,-7.142857142857142
Biden 2021,SP-08,4.0,3.0,-1.0,-25.0
Biden 2021,SP-09,2.0,1.0,-1.0,-50.0
Biden 2021,SP-10,1.0,1.0,0.0,0.0
Biden 2021,SQ-00,1.0,1.0,0.0,0.0
Biden 2021,SR-00,133.0,135.0,2.0,1.5037593984962405
Biden 2021,SS-00,1.0,1.0,0.0,0.0
Biden 2021,SS-01,26.0,25.0,-1.0,-3.8461538461538463
Biden 2021,SS-02,12.0,11.0,-1.0,-8.333333333333332
Biden 2021,SS-03,10.0,10.0,0.0,0.0
Biden 2021,ST-00,399.0,399.0,0.0,0.0
Biden 2021,SW-01,32.0,31.0,-1.0,-3.125
Biden 2021,SW-02,105.0,109.0,4.0,3.8095238095238098
Biden 2021,TPC-00,1.0,1.0,0.0,0.0
Biden 2021,TR-06,19.0,16.0,-3.0,-15.789473684210526
Biden 2021,TR-07,46.0,49.0,3.0,6.521739130434782
Biden 2021,TR-08,288.0,283.0,-5.0,-1.7361111111111112
Biden 2021,TR-09,54.0,57.0,3.0,5.555555555555555
Biden 2021,TR-10,39.0,36.0,-3.0,-7.6923076923076925
Biden 2021,TR-11,2.0,1.0,-1.0,-50.0
Biden 2021,TR-12,10.0,11.0,1.0,10.0
Biden 2021,TR-13,0.0,1.0,1.0,100.0
Biden 2021,TR-14,9.0,8.0,-1.0,-11.11111111111111
Biden 2021,VC-00,2.0,2.0,0.0,0.0
Biden 2021,VC-01,1.0,1.0,0.0,0.0
Biden 2021,VC-02,313.0,258.0,-55.0,-17.57188498402556
Biden 2021,VC-03,71.0,55.0,-16.0,-22.535211267605636
Biden 2021,VC-04,132.0,113.0,-19.0,-14.393939393939394
Biden 2021,VC-05,89.0,83.0,-6.0,-6.741573033707865
Biden 2021,VC-06,25.0,28.0,3.0,12.0
Biden 2021,VC-07,16.0,16.0,0.0,0.0
Biden 2021,VC-08,58.0,48.0,-10.0,-17.24137931034483
Biden 2021,VC-09,62.0,49.0,-13.0,-20.967741935483872
Biden 2021,VC-10,75.0,65.0,-10.0,-13.333333333333334
Biden 2021,VC-11,146.0,129.0,-17.0,-11.643835616438356
Biden 2021,VC-12,55.0,53.0,-2.0,-3.6363636363636362
Biden 2021,VC-13,36.0,36.0,0.0,0.0
Biden 2021,VC-14,36.0,38.0,2.0,5.555555555555555
Biden 2021,VC-15,36.0,34.0,-2.0,-5.555555555555555
Biden 2021,VC-16,32.0,32.0,0.0,0.0
Biden 2021,VC-17,10.0,8.0,-2.0,-20.0
Biden 2021,VE-18,3.0,3.0,0.0,0.0
Biden 2021,VE-19,4.0,2.0,-2.0,-50.0
Biden 2021,VE-20,10.0,10.0,0.0,0.0
Biden 2021,VH-31,1.0,1.0,0.0,0.0
Biden 2021,VH-32,1.0,1.0,0.0,0.0
Biden 2021,VH-34,18.0,20.0,2.0,11.11111111111111
Biden 2021,VH-35,21.0,21.0,0.0,0.0
Biden 2021,VH-36,4.0,5.0,1.0,25.0
Biden 2021,VH-37,33.0,31.0,-2.0,-6.0606060606060606
Biden 2021,VH-38,34.0,34.0,0.0,0.0
Biden 2021,VH-39,58.0,61.0,3.0,5.172413793103448
Biden 2021,VH-40,79.0,77.0,-2.0,-2.5316455696202533
Biden 2021,VH-41,34.0,37.0,3.0,8.823529411764707
Biden 2021,VH-42,15.0,13.0,-2.0,-13.333333333333334
Biden 2021,VH-43,4.0,4.0,0.0,0.0
Biden 2021,VH-44,10.0,11.0,1.0,10.0
Biden 2021,VH-45,1.0,1.0,0.0,0.0
Biden 2021,VM-15,481.0,480.0,-1.0,-0.2079002079002079
Biden 2021,VN-01,12076.0,12066.0,-10.0,-0.08280887711162636
Biden 2021,VN-02,40197.0,40925.0,728.0,1.811080428887728
Biden 2021,VN-03,21234.0,21752.0,518.0,2.439483846661015
Biden 2021,VN-04,1118.0,1155.0,37.0,3.309481216457961
Biden 2021,VN-05,288.0,300.0,12.0,4.166666666666666
Biden 2021,VN-08,3.0,3.0,0.0,0.0
Biden 2021,VN-09,3.0,2.0,-1.0,-33.33333333333333
Biden 2021,VN-11,12.0,0.0,-12.0,-100.0
Biden 2021,VN-12,42.0,0.0,-42.0,-100.0
Biden 2021,VN-13,169.0,6.0,-163.0,-96.44970414201184
Biden 2021,VP-11,7.0,8.0,1.0,14.285714285714285
Biden 2021,VP-12,158.0,159.0,1.0,0.6329113924050633
Biden 2021,VP-13,324.0,321.0,-3.0,-0.9259259259259258
Biden 2021,VP-14,282.0,281.0,-1.0,-0.3546099290780142
Biden 2021,VP-15,205.0,208.0,3.0,1.4634146341463417
Biden 2021,WA-07,30.0,31.0,1.0,3.3333333333333335
Biden 2021,WA-08,27.0,27.0,0.0,0.0
Biden 2021,WA-09,13.0,17.0,4.0,30.76923076923077
Biden 2021,WA-10,51.0,48.0,-3.0,-5.88235294117647
Biden 2021,WA-11,58.0,56.0,-2.0,-3.4482758620689653
Biden 2021,WA-13,1.0,1.0,0.0,0.0
Biden 2021,WA-14,2.0,2.0,0.0,0.0
Biden 2021,WB-00,1717.0,1691.0,-26.0,-1.5142690739662201
Biden 2021,WB-02,34.0,33.0,-1.0,-2.941176470588235
Biden 2021,WB-04,9.0,9.0,0.0,0.0
Biden 2021,WD-01,3.0,3.0,0.0,0.0
Biden 2021,WD-02,10.0,10.0,0.0,0.0
Biden 2021,WD-03,4.0,4.0,0.0,0.0
Biden 2021,WD-04,43.0,44.0,1.0,2.3255813953488373
Biden 2021,WD-05,71.0,69.0,-2.0,-2.8169014084507045
Biden 2021,WD-06,770.0,749.0,-21.0,-2.727272727272727
Biden 2021,WD-07,134.0,134.0,0.0,0.0
Biden 2021,WD-08,408.0,398.0,-10.0,-2.450980392156863
Biden 2021,WD-09,8.0,8.0,0.0,0.0
Biden 2021,WE-00,630.0,635.0,5.0,0.7936507936507936
Biden 2021,WG-01,892.0,798.0,-94.0,-10.538116591928251
Biden 2021,WG-02,14195.0,14082.0,-113.0,-0.796054948925678
Biden 2021,WG-03,3903.0,3637.0,-266.0,-6.815270304893671
Biden 2021,WG-04,4955.0,4714.0,-241.0,-4.863773965691221
Biden 2021,WG-05,11573.0,10618.0,-955.0,-8.251965782424609
Biden 2021,WG-06,9160.0,9110.0,-50.0,-0.5458515283842794
Biden 2021,WG-07,7448.0,7079.0,-369.0,-4.954350161117079
Biden 2021,WG-08,16234.0,15892.0,-342.0,-2.1066896636688432
Biden 2021,WG-09,10054.0,9880.0,-174.0,-1.7306544658842251
Biden 2021,WG-10,42714.0,42490.0,-224.0,-0.5244182235332678
Biden 2021,WG-11,11298.0,11244.0,-54.0,-0.4779607010090282
Biden 2021,WG-12,4345.0,4401.0,56.0,1.2888377445339472
Biden 2021,WG-13,1379.0,1339.0,-40.0,-2.9006526468455403
Biden 2021,WG-14,338.0,339.0,1.0,0.2958579881656805
Biden 2021,WG-15,6.0,5.0,-1.0,-16.666666666666664
Biden 2021,WJ-03,3.0,4.0,1.0,33.33333333333333
Biden 2021,WJ-04,6.0,7.0,1.0,16.666666666666664
Biden 2021,WJ-05,8.0,6.0,-2.0,-25.0
Biden 2021,WJ-07,21.0,22.0,1.0,4.761904761904762
Biden 2021,WJ-08,27.0,28.0,1.0,3.7037037037037033
Biden 2021,WJ-10,5.0,7.0,2.0,40.0
Biden 2021,WJ-11,16.0,17.0,1.0,6.25
Biden 2021,WJ-14,5.0,5.0,0.0,0.0
Biden 2021,WJ-15,10.0,10.0,0.0,0.0
Biden 2021,WJ-16,6.0,6.0,0.0,0.0
Biden 2021,WK-05,3.0,3.0,0.0,0.0
Biden 2021,WK-06,2.0,1.0,-1.0,-50.0
Biden 2021,WK-07,1.0,1.0,0.0,0.0
Biden 2021,WK-08,18.0,16.0,-2.0,-11.11111111111111
Biden 2021,WK-10,31.0,31.0,0.0,0.0
Biden 2021,WK-11,1.0,1.0,0.0,0.0
Biden 2021,WK-12,2.0,2.0,0.0,0.0
Biden 2021,WK-13,5.0,5.0,0.0,0.0
Biden 2021,WL-01,2.0,1.0,-1.0,-50.0
Biden 2021,WL-02,601.0,618.0,17.0,2.828618968386023
Biden 2021,WL-03,224.0,220.0,-4.0,-1.7857142857142856
Biden 2021,WL-04,196.0,199.0,3.0,1.530612244897959
Biden 2021,WL-05,316.0,295.0,-21.0,-6.645569620253164
Biden 2021,WL-06,486.0,477.0,-9.0,-1.8518518518518516
Biden 2021,WL-07,474.0,443.0,-31.0,-6.5400843881856545
Biden 2021,WL-08,614.0,608.0,-6.0,-0.9771986970684038
Biden 2021,WL-09,957.0,958.0,1.0,0.10449320794148381
Biden 2021,WL-10,5668.0,5671.0,3.0,0.0529287226534933
Biden 2021,WL-11,1569.0,1610.0,41.0,2.613129381771829
Biden 2021,WL-12,270.0,272.0,2.0,0.7407407407407408
Biden 2021,WL-13,242.0,236.0,-6.0,-2.479338842975207
Biden 2021,WL-14,75.0,81.0,6.0,8.0
Biden 2021,WM-00,64.0,63.0,-1.0,-1.5625
Biden 2021,WM-01,73.0,79.0,6.0,8.21917808219178
Biden 2021,WM-02,42.0,43.0,1.0,2.380952380952381
Biden 2021,WM-03,1.0,1.0,0.0,0.0
Biden 2021,WM-05,1.0,1.0,0.0,0.0
Biden 2021,WM-06,44.0,40.0,-4.0,-9.090909090909092
Biden 2021,WM-07,262.0,229.0,-33.0,-12.595419847328243
Biden 2021,WM-08,550.0,590.0,40.0,7.2727272727272725
Biden 2021,WM-09,1410.0,1398.0,-12.0,-0.851063829787234
Biden 2021,WM-10,796.0,781.0,-15.0,-1.8844221105527637
Biden 2021,WM-11,102.0,97.0,-5.0,-4.901960784313726
Biden 2021,WM-12,33.0,40.0,7.0,21.21212121212121
Biden 2021,WM-13,36.0,35.0,-1.0,-2.7777777777777777
Biden 2021,WM-14,17.0,17.0,0.0,0.0
Biden 2021,WM-15,292.0,311.0,19.0,6.506849315068493
Biden 2021,WM-16,576.0,579.0,3.0,0.5208333333333333
Biden 2021,WM-18,15.0,14.0,-1.0,-6.666666666666667
Biden 2021,WM-20,2.0,2.0,0.0,0.0
Biden 2021,WM-21,18.0,71.0,53.0,294.44444444444446
Biden 2021,WM-25,293.0,274.0,-19.0,-6.484641638225256
Biden 2021,WM-26,514.0,519.0,5.0,0.9727626459143969
Biden 2021,WM-27,301.0,313.0,12.0,3.9867109634551494
Biden 2021,WM-28,347.0,351.0,4.0,1.1527377521613833
Biden 2021,WM-29,203.0,197.0,-6.0,-2.955665024630542
Biden 2021,WM-30,1.0,1.0,0.0,0.0
Biden 2021,WM-34,3.0,3.0,0.0,0.0
Biden 2021,WM-40,6.0,7.0,1.0,16.666666666666664
Biden 2021,WM-44,3.0,3.0,0.0,0.0
Biden 2021,WM-45,8.0,7.0,-1.0,-12.5
Biden 2021,WN-04,17.0,23.0,6.0,35.294117647058826
Biden 2021,WN-07,62.0,60.0,-2.0,-3.225806451612903
Biden 2021,WN-09,1.0,1.0,0.0,0.0
Biden 2021,WO-08,8.0,7.0,-1.0,-12.5
Biden 2021,WO-09,3.0,3.0,0.0,0.0
Biden 2021,WO-10,2.0,2.0,0.0,0.0
Biden 2021,WO-11,26.0,24.0,-2.0,-7.6923076923076925
Biden 2021,WQ-10,4.0,2.0,-2.0,-50.0
Biden 2021,WQ-11,1.0,1.0,0.0,0.0
Biden 2021,WQ-14,1.0,0.0,-1.0,-100.0
Biden 2021,WR-10,1.0,0.0,-1.0,-100.0
Biden 2021,WS-01,50.0,44.0,-6.0,-12.0
Biden 2021,WS-02,1018.0,973.0,-45.0,-4.4204322200392925
Biden 2021,WS-03,510.0,537.0,27.0,5.294117647058823
Biden 2021,WS-04,1211.0,1207.0,-4.0,-0.3303055326176713
Biden 2021,WS-05,564.0,547.0,-17.0,-3.0141843971631204
Biden 2021,WS-06,770.0,779.0,9.0,1.1688311688311688
Biden 2021,WS-07,608.0,597.0,-11.0,-1.8092105263157896
Biden 2021,WS-08,3378.0,3337.0,-41.0,-1.2137359384251036
Biden 2021,WS-09,2405.0,2384.0,-21.0,-0.8731808731808732
Biden 2021,WS-10,5982.0,5937.0,-45.0,-0.7522567703109327
Biden 2021,WS-11,1954.0,1983.0,29.0,1.4841351074718525
Biden 2021,WS-12,587.0,604.0,17.0,2.8960817717206133
Biden 2021,WS-13,676.0,657.0,-19.0,-2.8106508875739644
Biden 2021,WS-14,1387.0,1401.0,14.0,1.0093727469358327
Biden 2021,WS-15,307.0,302.0,-5.0,-1.6286644951140066
Biden 2021,WS-16,119.0,115.0,-4.0,-3.361344537815126
Biden 2021,WS-17,44.0,44.0,0.0,0.0
Biden 2021,WS-18,11.0,12.0,1.0,9.090909090909092
Biden 2021,WT-00,3557.0,3445.0,-112.0,-3.1487208321619344
Biden 2021,WU-10,36.0,31.0,-5.0,-13.88888888888889
Biden 2021,WU-11,10.0,7.0,-3.0,-30.0
Biden 2021,WU-12,11.0,8.0,-3.0,-27.27272727272727
Biden 2021,WY-03,34.0,22.0,-12.0,-35.294117647058826
Biden 2021,WY-04,1.0,1.0,0.0,0.0
Biden 2021,WY-05,62.0,52.0,-10.0,-16.129032258064516
Biden 2021,WY-06,5.0,5.0,0.0,0.0
Biden 2021,WY-07,26.0,28.0,2.0,7.6923076923076925
Biden 2021,WY-08,418.0,404.0,-14.0,-3.349282296650718
Biden 2021,WY-09,651.0,660.0,9.0,1.3824884792626728
Biden 2021,WY-10,142.0,137.0,-5.0,-3.5211267605633805
Biden 2021,WY-11,99.0,108.0,9.0,9.090909090909092
Biden 2021,WY-12,7.0,8.0,1.0,14.285714285714285
Biden 2021,XA-03,8.0,0.0,-8.0,-100.0
Biden 2021,XA-04,10.0,3.0,-7.0,-70.0
Biden 2021,XA-05,128.0,42.0,-86.0,-67.1875
Biden 2021,XA-06,2.0,0.0,-2.0,-100.0
Biden 2021,XA-07,80.0,51.0,-29.0,-36.25
Biden 2021,XA-08,14.0,11.0,-3.0,-21.428571428571427
Biden 2021,XA-09,22.0,18.0,-4.0,-18.181818181818183
Biden 2021,XA-10,23.0,21.0,-2.0,-8.695652173913043
Biden 2021,XB-05,3.0,4.0,1.0,33.33333333333333
Biden 2021,XB-07,3.0,2.0,-1.0,-33.33333333333333
Biden 2021,XB-09,3.0,3.0,0.0,0.0
Biden 2021,XB-10,3.0,3.0,0.0,0.0
Biden 2021,XC-05,3.0,3.0,0.0,0.0
Biden 2021,XC-07,3.0,3.0,0.0,0.0
Biden 2021,XC-08,3.0,5.0,2.0,66.66666666666666
Biden 2021,XC-10,13.0,11.0,-2.0,-15.384615384615385
Biden 2021,XE-00,79.0,80.0,1.0,1.2658227848101267
Biden 2021,XF-02,19.0,0.0,-19.0,-100.0
Biden 2021,XF-03,4.0,2.0,-2.0,-50.0
Biden 2021,XF-04,94.0,1.0,-93.0,-98.93617021276596
Biden 2021,XF-05,17.0,6.0,-11.0,-64.70588235294117
Biden 2021,XF-06,152.0,115.0,-37.0,-24.342105263157894
Biden 2021,XF-07,21.0,15.0,-6.0,-28.57142857142857
Biden 2021,XF-08,83.0,61.0,-22.0,-26.506024096385545
Biden 2021,XF-09,53.0,48.0,-5.0,-9.433962264150944
Biden 2021,XF-10,75.0,70.0,-5.0,-6.666666666666667
Biden 2021,XF-11,66.0,54.0,-12.0,-18.181818181818183
Biden 2021,XF-12,54.0,53.0,-1.0,-1.8518518518518516
Biden 2021,XF-13,3.0,3.0,0.0,0.0
Biden 2021,XF-14,2.0,2.0,0.0,0.0
Biden 2021,XG-04,4.0,0.0,-4.0,-100.0
Biden 2021,XG-06,22.0,21.0,-1.0,-4.545454545454546
Biden 2021,XG-08,4.0,3.0,-1.0,-25.0
Biden 2021,XG-09,3.0,3.0,0.0,0.0
Biden 2021,XG-10,3.0,3.0,0.0,0.0
Biden 2021,XG-11,7.0,8.0,1.0,14.285714285714285
Biden 2021,XG-12,3.0,3.0,0.0,0.0
Biden 2021,XH-05,2.0,2.0,0.0,0.0
Biden 2021,XH-06,13.0,10.0,-3.0,-23.076923076923077
Biden 2021,XH-07,34.0,35.0,1.0,2.941176470588235
Biden 2021,XH-08,64.0,57.0,-7.0,-10.9375
Biden 2021,XH-09,31.0,33.0,2.0,6.451612903225806
Biden 2021,XH-10,34.0,31.0,-3.0,-8.823529411764707
Biden 2021,XH-11,32.0,34.0,2.0,6.25
Biden 2021,XH-12,35.0,33.0,-2.0,-5.714285714285714
Biden 2021,XH-13,29.0,33.0,4.0,13.793103448275861
Biden 2021,XH-14,16.0,21.0,5.0,31.25
Biden 2021,XH-15,19.0,16.0,-3.0,-15.789473684210526
Biden 2021,XH-16,17.0,16.0,-1.0,-5.88235294117647
Biden 2021,XH-17,5.0,5.0,0.0,0.0
Biden 2021,XR-10,21.0,24.0,3.0,14.285714285714285
Biden 2021,XT-10,1.0,1.0,0.0,0.0
Biden 2021,YA-02,0.0,1.0,1.0,100.0
Biden 2021,ZA-01,3.0,3.0,0.0,0.0
Biden 2021,ZA-02,352.0,347.0,-5.0,-1.4204545454545454
Biden 2021,ZA-03,1034.0,1102.0,68.0,6.5764023210831715
Biden 2021,ZA-04,1323.0,1334.0,11.0,0.8314436885865457
Biden 2021,ZA-05,350.0,363.0,13.0,3.7142857142857144
Biden 2021,ZP-01,54.0,46.0,-8.0,-14.814814814814813
Biden 2021,ZP-02,323.0,322.0,-1.0,-0.30959752321981426
Biden 2021,ZP-03,2046.0,2101.0,55.0,2.6881720430107525
Biden 2021,ZP-04,2853.0,2905.0,52.0,1.8226428321065544
Biden 2021,ZP-05,1017.0,1020.0,3.0,0.2949852507374631
Biden 2021,ZS-01,8.0,5.0,-3.0,-37.5
Biden 2021,ZS-02,23.0,20.0,-3.0,-13.043478260869565
Biden 2021,ZS-03,148.0,142.0,-6.0,-4.054054054054054
Biden 2021,ZS-04,289.0,279.0,-10.0,-3.4602076124567476
Biden 2021,ZS-05,67.0,64.0,-3.0,-4.477611940298507
Biden 2021,ZT-01,6.0,5.0,-1.0,-16.666666666666664
Biden 2021,ZT-02,50.0,47.0,-3.0,-6.0
Biden 2021,ZT-03,147.0,148.0,1.0,0.6802721088435374
Biden 2021,ZT-04,217.0,217.0,0.0,0.0
Biden 2021,ZT-05,40.0,40.0,0.0,0.0
Biden 2021,ZZ-00,346.0,384.0,38.0,10.982658959537572
Biden 2021,ZZ-13,1.0,2.0,1.0,100.0
Biden 2021,ZZ-14,1.0,1.0,0.0,0.0
Trump 2025,10_OR_LESS-10_OR_LESS,1134.0,1116.0,-18.0,-1.5873015873015872
Trump 2025,AA-04,15.0,18.0,3.0,20.0
Trump 2025,AA-05,0.0,11.0,11.0,100.0
Trump 2025,AA-06,39.0,38.0,-1.0,-2.564102564102564
Trump 2025,AD-00,11146.0,10629.0,-517.0,-4.638435313116814
Trump 2025,AD-01,1233.0,977.0,-256.0,-20.762368207623684
Trump 2025,AD-02,3586.0,3560.0,-26.0,-0.7250418293363079
Trump 2025,AD-03,1757.0,1753.0,-4.0,-0.22766078542970974
Trump 2025,AD-04,1673.0,1690.0,17.0,1.0161386730424387
Trump 2025,AD-05,1220.0,1202.0,-18.0,-1.4754098360655739
Trump 2025,AD-06,160.0,173.0,13.0,8.125
Trump 2025,AD-07,828.0,823.0,-5.0,-0.6038647342995169
Trump 2025,AD-08,44.0,45.0,1.0,2.272727272727273
Trump 2025,AD-09,308.0,308.0,0.0,0.0
Trump 2025,AD-0A,11.0,14.0,3.0,27.27272727272727
Trump 2025,AD-0B,42.0,45.0,3.0,7.142857142857142
Trump 2025,AD-0C,59.0,53.0,-6.0,-10.16949152542373
Trump 2025,AD-0D,49.0,46.0,-3.0,-6.122448979591836
Trump 2025,AD-0E,46.0,43.0,-3.0,-6.521739130434782
Trump 2025,AD-0F,51.0,45.0,-6.0,-11.76470588235294
Trump 2025,AD-0G,135.0,137.0,2.0,1.4814814814814816
Trump 2025,AD-0H,48.0,48.0,0.0,0.0
Trump 2025,AD-0I,18.0,14.0,-4.0,-22.22222222222222
Trump 2025,AD-10,75.0,73.0,-2.0,-2.666666666666667
Trump 2025,AD-11,228.0,238.0,10.0,4.385964912280701
Trump 2025,AD-12,283.0,275.0,-8.0,-2.8268551236749118
Trump 2025,AD-13,517.0,497.0,-20.0,-3.8684719535783367
Trump 2025,AD-14,603.0,597.0,-6.0,-0.9950248756218906
Trump 2025,AD-15,412.0,425.0,13.0,3.1553398058252426
Trump 2025,AD-16,689.0,688.0,-1.0,-0.14513788098693758
Trump 2025,AD-17,295.0,292.0,-3.0,-1.0169491525423728
Trump 2025,AD-18,255.0,270.0,15.0,5.88235294117647
Trump 2025,AD-21,189.0,213.0,24.0,12.698412698412698
Trump 2025,AD-22,213.0,213.0,0.0,0.0
Trump 2025,AD-23,388.0,395.0,7.0,1.804123711340206
Trump 2025,AD-24,116.0,117.0,1.0,0.8620689655172413
Trump 2025,AD-25,276.0,276.0,0.0,0.0
Trump 2025,AD-26,244.0,230.0,-14.0,-5.737704918032787
Trump 2025,AD-27,253.0,250.0,-3.0,-1.185770750988142
Trump 2025,AD-28,304.0,299.0,-5.0,-1.644736842105263
Trump 2025,AD-29,3806.0,3581.0,-225.0,-5.911718339464004
Trump 2025,AD-30,41.0,36.0,-5.0,-12.195121951219512
Trump 2025,AD-31,144.0,142.0,-2.0,-1.3888888888888888
Trump 2025,AD-33,554.0,528.0,-26.0,-4.693140794223827
Trump 2025,AD-35,172.0,165.0,-7.0,-4.069767441860465
Trump 2025,AD-37,368.0,340.0,-28.0,-7.608695652173914
Trump 2025,AD-39,32.0,38.0,6.0,18.75
Trump 2025,AD-40,64.0,0.0,-64.0,-100.0
Trump 2025,AD-A1,83.0,103.0,20.0,24.096385542168676
Trump 2025,AD-A2,31.0,28.0,-3.0,-9.67741935483871
Trump 2025,AD-B1,95.0,109.0,14.0,14.736842105263156
Trump 2025,AD-B2,35.0,40.0,5.0,14.285714285714285
Trump 2025,AD-B3,11.0,16.0,5.0,45.45454545454545
Trump 2025,AD-C1,353.0,369.0,16.0,4.53257790368272
Trump 2025,AD-C2,525.0,563.0,38.0,7.238095238095238
Trump 2025,AD-C3,248.0,253.0,5.0,2.0161290322580645
Trump 2025,AD-D1,439.0,412.0,-27.0,-6.150341685649203
Trump 2025,AD-D2,914.0,1024.0,110.0,12.035010940919037
Trump 2025,AD-D3,651.0,673.0,22.0,3.3794162826420893
Trump 2025,AD-DE,249.0,251.0,2.0,0.8032128514056224
Trump 2025,AD-E1,90.0,93.0,3.0,3.3333333333333335
Trump 2025,AD-E2,328.0,435.0,107.0,32.6219512195122
Trump 2025,AD-E3,210.0,212.0,2.0,0.9523809523809524
Trump 2025,AD-F1,64.0,191.0,127.0,198.4375
Trump 2025,AD-F2,239.0,227.0,-12.0,-5.02092050209205
Trump 2025,AD-F3,148.0,112.0,-36.0,-24.324324324324326
Trump 2025,AD-PH,9256.0,9108.0,-148.0,-1.598962834917891
Trump 2025,AL-02,39.0,37.0,-2.0,-5.128205128205128
Trump 2025,AL-03,1551.0,1474.0,-77.0,-4.964539007092199
Trump 2025,AT-AG,19.0,21.0,2.0,10.526315789473683
Trump 2025,AT-AH,100.0,106.0,6.0,6.0
Trump 2025,AT-DC,12.0,20.0,8.0,66.66666666666666
Trump 2025,AT-DG,23.0,27.0,4.0,17.391304347826086
Trump 2025,AT-DH,175.0,170.0,-5.0,-2.857142857142857
Trump 2025,AT-DJ,28.0,24.0,-4.0,-14.285714285714285
Trump 2025,AT-DL,17.0,16.0,-1.0,-5.88235294117647
Trump 2025,AT-EC,94.0,81.0,-13.0,-13.829787234042554
Trump 2025,AT-EG,101.0,109.0,8.0,7.920792079207921
Trump 2025,AT-EH,672.0,701.0,29.0,4.315476190476191
Trump 2025,AT-EI,0.0,11.0,11.0,100.0
Trump 2025,AT-EJ,115.0,122.0,7.0,6.086956521739131
Trump 2025,AT-EL,58.0,55.0,-3.0,-5.172413793103448
Trump 2025,AT-FC,95.0,94.0,-1.0,-1.0526315789473684
Trump 2025,AT-FF,59.0,64.0,5.0,8.47457627118644
Trump 2025,AT-FG,54.0,82.0,28.0,51.85185185185185
Trump 2025,AT-FH,742.0,725.0,-17.0,-2.2911051212938007
Trump 2025,AT-FI,28.0,24.0,-4.0,-14.285714285714285
Trump 2025,AT-FJ,126.0,130.0,4.0,3.1746031746031744
Trump 2025,AT-FL,54.0,54.0,0.0,0.0
Trump 2025,AT-GC,120.0,141.0,21.0,17.5
Trump 2025,AT-GF,87.0,77.0,-10.0,-11.494252873563218
Trump 2025,AT-GG,67.0,101.0,34.0,50.74626865671642
Trump 2025,AT-GH,989.0,917.0,-72.0,-7.280080889787664
Trump 2025,AT-GI,40.0,39.0,-1.0,-2.5
Trump 2025,AT-GJ,158.0,153.0,-5.0,-3.1645569620253164
Trump 2025,AT-GL,60.0,53.0,-7.0,-11.666666666666666
Trump 2025,AT-HC,32.0,53.0,21.0,65.625
Trump 2025,AT-HF,23.0,23.0,0.0,0.0
Trump 2025,AT-HG,0.0,23.0,23.0,100.0
Trump 2025,AT-HH,1008.0,1074.0,66.0,6.547619047619048
Trump 2025,AT-HI,56.0,58.0,2.0,3.571428571428571
Trump 2025,AT-HJ,145.0,162.0,17.0,11.724137931034482
Trump 2025,AT-HL,43.0,47.0,4.0,9.30232558139535
Trump 2025,AT-ID,11.0,0.0,-11.0,-100.0
Trump 2025,AT-IH,902.0,854.0,-48.0,-5.321507760532151
Trump 2025,AT-II,53.0,50.0,-3.0,-5.660377358490567
Trump 2025,AT-IJ,126.0,121.0,-5.0,-3.968253968253968
Trump 2025,AT-IK,34.0,29.0,-5.0,-14.705882352941178
Trump 2025,AT-IL,31.0,28.0,-3.0,-9.67741935483871
Trump 2025,AT-JC,97.0,82.0,-15.0,-15.463917525773196
Trump 2025,AT-JD,36.0,48.0,12.0,33.33333333333333
Trump 2025,AT-JF,43.0,65.0,22.0,51.162790697674424
Trump 2025,AT-JG,31.0,30.0,-1.0,-3.225806451612903
Trump 2025,AT-JH,1271.0,1362.0,91.0,7.159716758457907
Trump 2025,AT-JI,69.0,72.0,3.0,4.3478260869565215
Trump 2025,AT-JJ,176.0,196.0,20.0,11.363636363636363
Trump 2025,AT-JK,77.0,78.0,1.0,1.2987012987012987
Trump 2025,AT-JL,22.0,23.0,1.0,4.545454545454546
Trump 2025,AT-KC,153.0,137.0,-16.0,-10.457516339869281
Trump 2025,AT-KD,65.0,77.0,12.0,18.461538461538463
Trump 2025,AT-KF,80.0,96.0,16.0,20.0
Trump 2025,AT-KG,86.0,73.0,-13.0,-15.11627906976744
Trump 2025,AT-KH,2304.0,2127.0,-177.0,-7.682291666666667
Trump 2025,AT-KI,120.0,105.0,-15.0,-12.5
Trump 2025,AT-KJ,307.0,279.0,-28.0,-9.120521172638437
Trump 2025,AT-KK,127.0,111.0,-16.0,-12.598425196850393
Trump 2025,AT-KL,31.0,31.0,0.0,0.0
Trump 2025,AT-LC,261.0,257.0,-4.0,-1.532567049808429
Trump 2025,AT-LD,111.0,107.0,-4.0,-3.6036036036036037
Trump 2025,AT-LF,197.0,228.0,31.0,15.736040609137056
Trump 2025,AT-LG,111.0,107.0,-4.0,-3.6036036036036037
Trump 2025,AT-LH,4136.0,4273.0,137.0,3.31237911025145
Trump 2025,AT-LI,313.0,319.0,6.0,1.9169329073482428
Trump 2025,AT-LJ,509.0,541.0,32.0,6.286836935166994
Trump 2025,AT-LK,231.0,227.0,-4.0,-1.7316017316017316
Trump 2025,AT-LL,60.0,59.0,-1.0,-1.6666666666666667
Trump 2025,BB-00,1541.0,1557.0,16.0,1.0382868267358858
Trump 2025,BL-00,118.0,111.0,-7.0,-5.932203389830509
Trump 2025,BN-04,116.0,125.0,9.0,7.758620689655173
Trump 2025,BR-02,31.0,23.0,-8.0,-25.806451612903224
Trump 2025,BR-03,26.0,40.0,14.0,53.84615384615385
Trump 2025,BR-04,0.0,11.0,11.0,100.0
Trump 2025,BS-00,109.0,110.0,1.0,0.9174311926605505
Trump 2025,CA-03,30.0,28.0,-2.0,-6.666666666666667
Trump 2025,CE-01,121.0,119.0,-2.0,-1.6528925619834711
Trump 2025,CE-02,197.0,204.0,7.0,3.5532994923857872
Trump 2025,CE-03,77.0,79.0,2.0,2.5974025974025974
Trump 2025,CE-04,20.0,18.0,-2.0,-10.0
Trump 2025,CE-06,31.0,32.0,1.0,3.225806451612903
Trump 2025,CE-07,22.0,21.0,-1.0,-4.545454545454546
Trump 2025,CG-04,80.0,65.0,-15.0,-18.75
Trump 2025,CG-05,16.0,18.0,2.0,12.5
Trump 2025,CG-06,42.0,20.0,-22.0,-52.38095238095239
Trump 2025,CG-07,488.0,412.0,-76.0,-15.573770491803279
Trump 2025,CG-08,36.0,40.0,4.0,11.11111111111111
Trump 2025,CG-09,492.0,553.0,61.0,12.398373983739837
Trump 2025,CG-11,361.0,367.0,6.0,1.662049861495845
Trump 2025,CG-12,703.0,755.0,52.0,7.396870554765292
Trump 2025,CG-13,902.0,909.0,7.0,0.7760532150776054
Trump 2025,CG-14,1532.0,1598.0,66.0,4.308093994778068
Trump 2025,CG-15,814.0,828.0,14.0,1.71990171990172
Trump 2025,CM-00,675.0,747.0,72.0,10.666666666666668
Trump 2025,CM-01,126.0,0.0,-126.0,-100.0
Trump 2025,CN-30,29.0,27.0,-2.0,-6.896551724137931
Trump 2025,CN-40,37.0,34.0,-3.0,-8.108108108108109
Trump 2025,CN-51,156.0,143.0,-13.0,-8.333333333333332
Trump 2025,CN-52,142.0,143.0,1.0,0.7042253521126761
Trump 2025,CN-53,310.0,315.0,5.0,1.6129032258064515
Trump 2025,CN-60,392.0,375.0,-17.0,-4.336734693877551
Trump 2025,CN-61,120.0,118.0,-2.0,-1.6666666666666667
Trump 2025,CN-71,309.0,286.0,-23.0,-7.443365695792881
Trump 2025,CN-72,161.0,157.0,-4.0,-2.484472049689441
Trump 2025,CN-81,39.0,32.0,-7.0,-17.94871794871795
Trump 2025,CN-82,17.0,0.0,-17.0,-100.0
Trump 2025,CT-11,18.0,0.0,-18.0,-100.0
Trump 2025,CT-12,22.0,18.0,-4.0,-18.181818181818183
Trump 2025,CT-13,75.0,66.0,-9.0,-12.0
Trump 2025,CT-14,362.0,358.0,-4.0,-1.1049723756906076
Trump 2025,CT-15,169.0,161.0,-8.0,-4.733727810650888
Trump 2025,CT-16,40.0,38.0,-2.0,-5.0
Trump 2025,CU-07,26.0,33.0,7.0,26.923076923076923
Trump 2025,CU-09,85.0,64.0,-21.0,-24.705882352941178
Trump 2025,CU-11,174.0,189.0,15.0,8.620689655172415
Trump 2025,CU-12,228.0,222.0,-6.0,-2.631578947368421
Trump 2025,CU-13,138.0,138.0,0.0,0.0
Trump 2025,CU-14,342.0,343.0,1.0,0.29239766081871343
Trump 2025,CU-15,165.0,157.0,-8.0,-4.848484848484849
Trump 2025,CX-00,32.0,33.0,1.0,3.125
Trump 2025,CY-01,370.0,376.0,6.0,1.6216216216216217
Trump 2025,CY-02,810.0,796.0,-14.0,-1.728395061728395
Trump 2025,CY-03,68.0,67.0,-1.0,-1.4705882352941175
Trump 2025,CY-04,16.0,14.0,-2.0,-12.5
Trump 2025,CY-05,11.0,0.0,-11.0,-100.0
Trump 2025,CY-06,15.0,14.0,-1.0,-6.666666666666667
Trump 2025,CY-11,168.0,169.0,1.0,0.5952380952380952
Trump 2025,CY-12,47.0,43.0,-4.0,-8.51063829787234
Trump 2025,CY-13,68.0,67.0,-1.0,-1.4705882352941175
Trump 2025,CY-14,251.0,249.0,-2.0,-0.796812749003984
Trump 2025,CY-15,49.0,47.0,-2.0,-4.081632653061225
Trump 2025,CY-16,90.0,91.0,1.0,1.1111111111111112
Trump 2025,CY-17,23.0,21.0,-2.0,-8.695652173913043
Trump 2025,CY-21,31.0,31.0,0.0,0.0
Trump 2025,DA-02,67.0,70.0,3.0,4.477611940298507
Trump 2025,DA-03,280.0,298.0,18.0,6.428571428571428
Trump 2025,DA-04,516.0,577.0,61.0,11.821705426356589
Trump 2025,DA-05,532.0,749.0,217.0,40.78947368421053
Trump 2025,DA-06,389.0,399.0,10.0,2.570694087403599
Trump 2025,DB-01,149.0,122.0,-27.0,-18.120805369127517
Trump 2025,DB-02,1171.0,1168.0,-3.0,-0.25619128949615716
Trump 2025,DB-03,6759.0,6769.0,10.0,0.14795088030773784
Trump 2025,DB-04,4228.0,4178.0,-50.0,-1.1825922421948913
Trump 2025,DB-05,398.0,388.0,-10.0,-2.512562814070352
Trump 2025,DB-06,56.0,59.0,3.0,5.357142857142857
Trump 2025,DC-00,143.0,148.0,5.0,3.4965034965034967
Trump 2025,DE-01,13.0,0.0,-13.0,-100.0
Trump 2025,DE-02,866.0,855.0,-11.0,-1.2702078521939952
Trump 2025,DE-03,3010.0,3028.0,18.0,0.5980066445182725
Trump 2025,DE-04,1006.0,1011.0,5.0,0.4970178926441352
Trump 2025,DE-05,40.0,42.0,2.0,5.0
Trump 2025,DG-02,23.0,17.0,-6.0,-26.08695652173913
Trump 2025,DG-03,86.0,89.0,3.0,3.488372093023256
Trump 2025,DG-04,139.0,139.0,0.0,0.0
Trump 2025,DG-05,35.0,41.0,6.0,17.142857142857142
Trump 2025,DJ-02,278.0,270.0,-8.0,-2.877697841726619
Trump 2025,DJ-03,834.0,829.0,-5.0,-0.5995203836930456
Trump 2025,DJ-04,496.0,493.0,-3.0,-0.6048387096774194
Trump 2025,DJ-05,39.0,37.0,-2.0,-5.128205128205128
Trump 2025,DK-02,131.0,125.0,-6.0,-4.580152671755725
Trump 2025,DK-03,169.0,165.0,-4.0,-2.366863905325444
Trump 2025,DK-04,17.0,17.0,0.0,0.0
Trump 2025,DL-00,58.0,63.0,5.0,8.620689655172415
Trump 2025,DN-04,33.0,34.0,1.0,3.0303030303030303
Trump 2025,DN-05,25.0,26.0,1.0,4.0
Trump 2025,DO-01,328.0,327.0,-1.0,-0.3048780487804878
Trump 2025,DO-02,1468.0,1522.0,54.0,3.6784741144414173
Trump 2025,DO-03,318.0,357.0,39.0,12.264150943396226
Trump 2025,DO-04,93.0,101.0,8.0,8.60215053763441
Trump 2025,DP-01,28.0,41.0,13.0,46.42857142857143
Trump 2025,DP-02,722.0,671.0,-51.0,-7.063711911357341
Trump 2025,DP-03,1352.0,1403.0,51.0,3.772189349112426
Trump 2025,DP-04,3901.0,4214.0,313.0,8.02358369648808
Trump 2025,DP-05,1322.0,1364.0,42.0,3.177004538577912
Trump 2025,DP-06,28.0,29.0,1.0,3.571428571428571
Trump 2025,DR-01,188.0,175.0,-13.0,-6.914893617021277
Trump 2025,DR-02,1308.0,1281.0,-27.0,-2.064220183486239
Trump 2025,DR-03,1295.0,1336.0,41.0,3.166023166023166
Trump 2025,DR-04,699.0,719.0,20.0,2.8612303290414878
Trump 2025,DR-05,12.0,0.0,-12.0,-100.0
Trump 2025,DS-02,34.0,34.0,0.0,0.0
Trump 2025,DS-03,134.0,133.0,-1.0,-0.7462686567164178
Trump 2025,DS-04,341.0,408.0,67.0,19.64809384164223
Trump 2025,DS-05,724.0,765.0,41.0,5.662983425414365
Trump 2025,DS-06,262.0,270.0,8.0,3.0534351145038165
Trump 2025,DT-01,20.0,19.0,-1.0,-5.0
Trump 2025,DT-02,50.0,46.0,-4.0,-8.0
Trump 2025,DT-03,90.0,88.0,-2.0,-2.2222222222222223
Trump 2025,DT-04,311.0,318.0,7.0,2.2508038585209005
Trump 2025,DT-05,117.0,139.0,22.0,18.803418803418804
Trump 2025,DU-01,20.0,19.0,-1.0,-5.0
Trump 2025,DU-02,115.0,107.0,-8.0,-6.956521739130435
Trump 2025,DU-03,60.0,60.0,0.0,0.0
Trump 2025,DU-04,0.0,14.0,14.0,100.0
Trump 2025,DX-01,11.0,0.0,-11.0,-100.0
Trump 2025,DX-02,11.0,12.0,1.0,9.090909090909092
Trump 2025,DX-03,18.0,16.0,-2.0,-11.11111111111111
Trump 2025,DX-04,89.0,92.0,3.0,3.3707865168539324
Trump 2025,ED-00,400.0,377.0,-23.0,-5.75
Trump 2025,ED-15,47.0,19.0,-28.0,-59.57446808510638
Trump 2025,EE-00,454.0,308.0,-146.0,-32.158590308370044
Trump 2025,EF-00,2572.0,2357.0,-215.0,-8.359253499222396
Trump 2025,EF-15,48.0,44.0,-4.0,-8.333333333333332
Trump 2025,EG-00,34.0,24.0,-10.0,-29.411764705882355
Trump 2025,EH-00,816.0,692.0,-124.0,-15.196078431372548
Trump 2025,EI-00,3166.0,3034.0,-132.0,-4.169298799747315
Trump 2025,EJ-04,77.0,69.0,-8.0,-10.38961038961039
Trump 2025,EJ-05,26.0,27.0,1.0,3.8461538461538463
Trump 2025,EK-04,97.0,97.0,0.0,0.0
Trump 2025,EK-05,20.0,23.0,3.0,15.0
Trump 2025,EL-04,17.0,0.0,-17.0,-100.0
Trump 2025,EL-09,30.0,34.0,4.0,13.333333333333334
Trump 2025,EL-11,34.0,34.0,0.0,0.0
Trump 2025,EL-12,70.0,69.0,-1.0,-1.4285714285714286
Trump 2025,EL-13,124.0,139.0,15.0,12.096774193548388
Trump 2025,EL-14,304.0,296.0,-8.0,-2.631578947368421
Trump 2025,EL-15,206.0,210.0,4.0,1.9417475728155338
Trump 2025,EM-00,133.0,128.0,-5.0,-3.7593984962406015
Trump 2025,EN-00,23.0,23.0,0.0,0.0
Trump 2025,EN-03,162.0,165.0,3.0,1.8518518518518516
Trump 2025,EN-04,467.0,482.0,15.0,3.2119914346895073
Trump 2025,EN-05,83.0,84.0,1.0,1.2048192771084338
Trump 2025,ER-03,13.0,12.0,-1.0,-7.6923076923076925
Trump 2025,ES-00,8781.0,8270.0,-511.0,-5.8193827582279924
Trump 2025,ET-03,12.0,11.0,-1.0,-8.333333333333332
Trump 2025,EV-01,18.0,21.0,3.0,16.666666666666664
Trump 2025,EV-02,161.0,145.0,-16.0,-9.937888198757763
Trump 2025,EV-03,18.0,15.0,-3.0,-16.666666666666664
Trump 2025,EX-01,17.0,15.0,-2.0,-11.76470588235294
Trump 2025,EX-02,45.0,17.0,-28.0,-62.22222222222222
Trump 2025,EX-03,100.0,39.0,-61.0,-61.0
Trump 2025,EX-04,253.0,80.0,-173.0,-68.37944664031622
Trump 2025,EX-05,19.0,0.0,-19.0,-100.0
Trump 2025,FE-01,21.0,20.0,-1.0,-4.761904761904762
Trump 2025,FE-02,55.0,57.0,2.0,3.6363636363636362
Trump 2025,FE-03,146.0,170.0,24.0,16.43835616438356
Trump 2025,FG-03,487.0,476.0,-11.0,-2.2587268993839835
Trump 2025,FG-06,30.0,27.0,-3.0,-10.0
Trump 2025,FG-07,208.0,208.0,0.0,0.0
Trump 2025,FG-08,52.0,41.0,-11.0,-21.153846153846153
Trump 2025,FG-09,195.0,214.0,19.0,9.743589743589745
Trump 2025,FG-10,37.0,35.0,-2.0,-5.405405405405405
Trump 2025,FG-11,146.0,139.0,-7.0,-4.794520547945205
Trump 2025,FG-12,570.0,580.0,10.0,1.7543859649122806
Trump 2025,FG-13,1719.0,1702.0,-17.0,-0.9889470622454914
Trump 2025,FG-14,2201.0,2178.0,-23.0,-1.0449795547478418
Trump 2025,FG-15,13.0,11.0,-2.0,-15.384615384615385
Trump 2025,FO-01,552.0,502.0,-50.0,-9.057971014492754
Trump 2025,FO-02,527.0,562.0,35.0,6.641366223908918
Trump 2025,FO-03,206.0,271.0,65.0,31.55339805825243
Trump 2025,FP-01,241.0,216.0,-25.0,-10.37344398340249
Trump 2025,FP-02,695.0,692.0,-3.0,-0.4316546762589928
Trump 2025,FP-03,753.0,691.0,-62.0,-8.233731739707835
Trump 2025,FP-04,513.0,570.0,57.0,11.11111111111111
Trump 2025,FP-05,110.0,117.0,7.0,6.363636363636363
Trump 2025,FP-07,14.0,19.0,5.0,35.714285714285715
Trump 2025,FP-09,20.0,19.0,-1.0,-5.0
Trump 2025,FV-0C,163.0,138.0,-25.0,-15.337423312883436
Trump 2025,FV-0D,30.0,25.0,-5.0,-16.666666666666664
Trump 2025,FV-0E,183.0,168.0,-15.0,-8.19672131147541
Trump 2025,FV-0F,1466.0,1496.0,30.0,2.046384720327422
Trump 2025,FV-0G,1648.0,1659.0,11.0,0.6674757281553397
Trump 2025,FV-0H,4496.0,4546.0,50.0,1.112099644128114
Trump 2025,FV-0I,4917.0,4987.0,70.0,1.4236322961155174
Trump 2025,FV-0J,6928.0,6910.0,-18.0,-0.25981524249422633
Trump 2025,FV-0K,2359.0,2321.0,-38.0,-1.6108520559559136
Trump 2025,FV-0L,310.0,326.0,16.0,5.161290322580645
Trump 2025,FV-0M,24.0,24.0,0.0,0.0
Trump 2025,FW-06,19.0,21.0,2.0,10.526315789473683
Trump 2025,FW-07,13.0,12.0,-1.0,-7.6923076923076925
Trump 2025,FW-10,66.0,70.0,4.0,6.0606060606060606
Trump 2025,GE-00,18.0,18.0,0.0,0.0
Trump 2025,GG-02,17.0,14.0,-3.0,-17.647058823529413
Trump 2025,GG-03,11.0,17.0,6.0,54.54545454545454
Trump 2025,GG-04,3669.0,3003.0,-666.0,-18.152085036794766
Trump 2025,GG-05,594.0,487.0,-107.0,-18.013468013468014
Trump 2025,GG-06,250.0,226.0,-24.0,-9.6
Trump 2025,GG-07,1096.0,987.0,-109.0,-9.945255474452555
Trump 2025,GG-08,130.0,123.0,-7.0,-5.384615384615385
Trump 2025,GG-09,1253.0,1294.0,41.0,3.2721468475658417
Trump 2025,GG-10,40.0,40.0,0.0,0.0
Trump 2025,GG-11,2974.0,3041.0,67.0,2.2528581035642232
Trump 2025,GG-12,8844.0,9001.0,157.0,1.7752148349163273
Trump 2025,GG-13,12744.0,12905.0,161.0,1.2633396107972379
Trump 2025,GG-14,6403.0,6581.0,178.0,2.7799468998906764
Trump 2025,GG-15,2743.0,2770.0,27.0,0.984323733138899
Trump 2025,GL-04,23.0,17.0,-6.0,-26.08695652173913
Trump 2025,GL-05,1983.0,2202.0,219.0,11.043872919818456
Trump 2025,GL-06,1661.0,1990.0,329.0,19.807344972907888
Trump 2025,GL-07,4575.0,4586.0,11.0,0.24043715846994534
Trump 2025,GL-08,10959.0,10689.0,-270.0,-2.463728442376129
Trump 2025,GL-09,7417.0,7399.0,-18.0,-0.24268572199002292
Trump 2025,GL-10,2300.0,2004.0,-296.0,-12.869565217391305
Trump 2025,GM-13,24.0,18.0,-6.0,-25.0
Trump 2025,GM-14,16.0,11.0,-5.0,-31.25
Trump 2025,GM-15,46.0,35.0,-11.0,-23.91304347826087
Trump 2025,GP-11,21.0,20.0,-1.0,-4.761904761904762
Trump 2025,GP-12,202.0,203.0,1.0,0.49504950495049505
Trump 2025,GP-13,367.0,358.0,-9.0,-2.452316076294278
Trump 2025,GP-14,1435.0,1434.0,-1.0,-0.06968641114982578
Trump 2025,GP-15,2250.0,2198.0,-52.0,-2.311111111111111
Trump 2025,GS-0*,119.0,114.0,-5.0,-4.201680672268908
Trump 2025,GS-01,416.0,336.0,-80.0,-19.230769230769234
Trump 2025,GS-02,675.0,456.0,-219.0,-32.44444444444444
Trump 2025,GS-03,6481.0,4544.0,-1937.0,-29.88736306125598
Trump 2025,GS-04,23430.0,19280.0,-4150.0,-17.712334613743064
Trump 2025,GS-05,76014.0,68519.0,-7495.0,-9.860025784723867
Trump 2025,GS-06,101560.0,98352.0,-3208.0,-3.1587239070500197
Trump 2025,GS-07,116899.0,110507.0,-6392.0,-5.467968075004919
Trump 2025,GS-08,45944.0,47646.0,1702.0,3.70450983806373
Trump 2025,GS-09,141749.0,139481.0,-2268.0,-1.600011287557584
Trump 2025,GS-10,14412.0,14619.0,207.0,1.4363030807660282
Trump 2025,GS-11,206950.0,208051.0,1101.0,0.5320125634211162
Trump 2025,GS-12,310973.0,311959.0,986.0,0.3170693275621999
Trump 2025,GS-13,279604.0,280522.0,918.0,0.3283214832405831
Trump 2025,GS-14,147224.0,147667.0,443.0,0.30090202684344947
Trump 2025,GS-15,66787.0,65304.0,-1483.0,-2.2204920119184868
Trump 2025,IC-05,114.0,133.0,19.0,16.666666666666664
Trump 2025,IC-06,59.0,56.0,-3.0,-5.084745762711865
Trump 2025,IC-07,365.0,383.0,18.0,4.931506849315069
Trump 2025,IC-08,40.0,46.0,6.0,15.0
Trump 2025,IC-09,1089.0,1153.0,64.0,5.876951331496786
Trump 2025,IC-11,2073.0,2167.0,94.0,4.534491075735649
Trump 2025,IC-12,3826.0,4069.0,243.0,6.3512807109252485
Trump 2025,IC-13,2073.0,2224.0,151.0,7.284129281234924
Trump 2025,IC-14,479.0,508.0,29.0,6.05427974947808
Trump 2025,IC-15,110.0,108.0,-2.0,-1.8181818181818181
Trump 2025,IE-00,78.0,77.0,-1.0,-1.282051282051282
Trump 2025,IG-00,17.0,0.0,-17.0,-100.0
Trump 2025,IH-00,503.0,1017.0,514.0,102.1868787276342
Trump 2025,IJ-00,755.0,714.0,-41.0,-5.430463576158941
Trump 2025,IM-01,4600.0,4906.0,306.0,6.6521739130434785
Trump 2025,IM-02,2212.0,2176.0,-36.0,-1.62748643761302
Trump 2025,IM-03,454.0,460.0,6.0,1.3215859030837005
Trump 2025,IM-04,59.0,57.0,-2.0,-3.389830508474576
Trump 2025,IM-05,15.0,14.0,-1.0,-6.666666666666667
Trump 2025,IP-00,174.0,175.0,1.0,0.5747126436781609
Trump 2025,IR-DM,447.0,407.0,-40.0,-8.94854586129754
Trump 2025,IR-FM,6332.0,6231.0,-101.0,-1.5950726468730259
Trump 2025,IR-SM,1645.0,1554.0,-91.0,-5.531914893617021
Trump 2025,IT-02,190.0,187.0,-3.0,-1.5789473684210527
Trump 2025,IT-03,321.0,325.0,4.0,1.2461059190031152
Trump 2025,IT-04,148.0,145.0,-3.0,-2.027027027027027
Trump 2025,IT-05,53.0,51.0,-2.0,-3.7735849056603774
Trump 2025,KA-00,24.0,24.0,0.0,0.0
Trump 2025,KB-00,141.0,142.0,1.0,0.7092198581560284
Trump 2025,KB-02,70.0,73.0,3.0,4.285714285714286
Trump 2025,KE-00,50.0,48.0,-2.0,-4.0
Trump 2025,KG-03,116.0,112.0,-4.0,-3.4482758620689653
Trump 2025,KG-05,67.0,58.0,-9.0,-13.432835820895523
Trump 2025,KG-06,43.0,45.0,2.0,4.651162790697675
Trump 2025,KG-07,18.0,16.0,-2.0,-11.11111111111111
Trump 2025,KG-09,15.0,13.0,-2.0,-13.333333333333334
Trump 2025,KI-00,140.0,140.0,0.0,0.0
Trump 2025,KI-02,16.0,11.0,-5.0,-31.25
Trump 2025,KJ-00,21.0,22.0,1.0,4.761904761904762
Trump 2025,KM-00,58.0,58.0,0.0,0.0
Trump 2025,KO-00,16.0,14.0,-2.0,-12.5
Trump 2025,KP-00,25.0,29.0,4.0,16.0
Trump 2025,KX-01,21.0,19.0,-2.0,-9.523809523809524
Trump 2025,KX-03,33.0,32.0,-1.0,-3.0303030303030303
Trump 2025,KX-04,20.0,20.0,0.0,0.0
Trump 2025,KX-05,47.0,47.0,0.0,0.0
Trump 2025,KX-06,51.0,56.0,5.0,9.803921568627452
Trump 2025,KX-07,14.0,12.0,-2.0,-14.285714285714285
Trump 2025,KY-03,19.0,18.0,-1.0,-5.263157894736842
Trump 2025,LE-01,1257.0,1252.0,-5.0,-0.3977724741447892
Trump 2025,LE-04,174.0,175.0,1.0,0.5747126436781609
Trump 2025,LE-05,79.0,78.0,-1.0,-1.2658227848101267
Trump 2025,LE-07,26.0,27.0,1.0,3.8461538461538463
Trump 2025,LE-08,17.0,17.0,0.0,0.0
Trump 2025,LL-01,74.0,79.0,5.0,6.756756756756757
Trump 2025,MC-2C,21.0,23.0,2.0,9.523809523809524
Trump 2025,MC-2D,59.0,62.0,3.0,5.084745762711865
Trump 2025,MC-3A,97.0,96.0,-1.0,-1.0309278350515463
Trump 2025,MC-3B,56.0,57.0,1.0,1.7857142857142856
Trump 2025,MC-4A,38.0,42.0,4.0,10.526315789473683
Trump 2025,MC-4B,33.0,38.0,5.0,15.151515151515152
Trump 2025,MC-4C,0.0,12.0,12.0,100.0
Trump 2025,NB-02,11.0,0.0,-11.0,-100.0
Trump 2025,NB-03,181.0,143.0,-38.0,-20.994475138121548
Trump 2025,NB-04,600.0,601.0,1.0,0.16666666666666669
Trump 2025,NB-05,1091.0,1087.0,-4.0,-0.36663611365719523
Trump 2025,NB-06,1393.0,1386.0,-7.0,-0.5025125628140703
Trump 2025,NB-07,320.0,311.0,-9.0,-2.8125
Trump 2025,NB-08,39.0,38.0,-1.0,-2.564102564102564
Trump 2025,NC-01,19.0,15.0,-4.0,-21.052631578947366
Trump 2025,NC-02,115.0,110.0,-5.0,-4.3478260869565215
Trump 2025,NC-03,36.0,34.0,-2.0,-5.555555555555555
Trump 2025,ND-01,73.0,104.0,31.0,42.465753424657535
Trump 2025,ND-02,948.0,865.0,-83.0,-8.755274261603375
Trump 2025,ND-03,2091.0,2089.0,-2.0,-0.09564801530368246
Trump 2025,ND-04,11361.0,11357.0,-4.0,-0.035208168295044445
Trump 2025,ND-05,3317.0,3301.0,-16.0,-0.482363581549593
Trump 2025,ND-06,127.0,139.0,12.0,9.448818897637794
Trump 2025,NG-02,69.0,67.0,-2.0,-2.898550724637681
Trump 2025,NG-03,158.0,148.0,-10.0,-6.329113924050633
Trump 2025,NG-04,103.0,107.0,4.0,3.8834951456310676
Trump 2025,NH-01,63.0,69.0,6.0,9.523809523809524
Trump 2025,NH-02,4198.0,4505.0,307.0,7.313006193425441
Trump 2025,NH-03,34389.0,35300.0,911.0,2.6491029108145048
Trump 2025,NH-04,19887.0,20173.0,286.0,1.4381254085583546
Trump 2025,NJ-02,142.0,159.0,17.0,11.971830985915492
Trump 2025,NJ-03,497.0,525.0,28.0,5.633802816901409
Trump 2025,NJ-04,771.0,799.0,28.0,3.631647211413749
Trump 2025,NK-01,12.0,12.0,0.0,0.0
Trump 2025,NK-02,562.0,612.0,50.0,8.896797153024911
Trump 2025,NK-03,207.0,201.0,-6.0,-2.898550724637681
Trump 2025,NL-03,15.0,15.0,0.0,0.0
Trump 2025,NL-04,13.0,0.0,-13.0,-100.0
Trump 2025,NL-05,24.0,21.0,-3.0,-12.5
Trump 2025,NM-04,1036.0,1037.0,1.0,0.09652509652509653
Trump 2025,NM-05,1166.0,1158.0,-8.0,-0.6861063464837049
Trump 2025,NM-06,47.0,47.0,0.0,0.0
Trump 2025,NN-03,75.0,68.0,-7.0,-9.333333333333334
Trump 2025,NN-04,293.0,288.0,-5.0,-1.7064846416382253
Trump 2025,NO-01,12.0,0.0,-12.0,-100.0
Trump 2025,NO-02,243.0,238.0,-5.0,-2.05761316872428
Trump 2025,NO-03,480.0,494.0,14.0,2.9166666666666665
Trump 2025,NO-04,1590.0,1543.0,-47.0,-2.955974842767296
Trump 2025,NO-05,2629.0,2662.0,33.0,1.2552301255230125
Trump 2025,NO-06,260.0,273.0,13.0,5.0
Trump 2025,NP-01,38.0,44.0,6.0,15.789473684210526
Trump 2025,NP-02,130.0,96.0,-34.0,-26.153846153846157
Trump 2025,NP-03,794.0,828.0,34.0,4.282115869017632
Trump 2025,NP-04,860.0,838.0,-22.0,-2.558139534883721
Trump 2025,NP-05,27.0,29.0,2.0,7.4074074074074066
Trump 2025,NQ-02,159.0,163.0,4.0,2.515723270440252
Trump 2025,NQ-03,699.0,706.0,7.0,1.0014306151645207
Trump 2025,NQ-04,351.0,355.0,4.0,1.1396011396011396
Trump 2025,NR-01,11.0,0.0,-11.0,-100.0
Trump 2025,NR-03,34.0,29.0,-5.0,-14.705882352941178
Trump 2025,NR-04,369.0,355.0,-14.0,-3.7940379403794036
Trump 2025,NR-05,293.0,297.0,4.0,1.3651877133105803
Trump 2025,NS-04,24.0,24.0,0.0,0.0
Trump 2025,NS-06,17.0,16.0,-1.0,-5.88235294117647
Trump 2025,NT-01,12.0,18.0,6.0,50.0
Trump 2025,NT-02,181.0,188.0,7.0,3.867403314917127
Trump 2025,NT-03,540.0,503.0,-37.0,-6.851851851851852
Trump 2025,NT-04,4127.0,4142.0,15.0,0.36346014053792103
Trump 2025,NT-05,4875.0,4968.0,93.0,1.9076923076923078
Trump 2025,NT-06,534.0,537.0,3.0,0.5617977528089888
Trump 2025,NU-02,11.0,0.0,-11.0,-100.0
Trump 2025,NV-01,43.0,43.0,0.0,0.0
Trump 2025,NV-02,125.0,130.0,5.0,4.0
Trump 2025,NV-03,62.0,57.0,-5.0,-8.064516129032258
Trump 2025,NV-04,33.0,30.0,-3.0,-9.090909090909092
Trump 2025,NX-01,49.0,53.0,4.0,8.16326530612245
Trump 2025,NX-02,22.0,21.0,-1.0,-4.545454545454546
Trump 2025,NY-01,15.0,0.0,-15.0,-100.0
Trump 2025,NY-02,124.0,96.0,-28.0,-22.58064516129032
Trump 2025,NY-03,447.0,425.0,-22.0,-4.921700223713646
Trump 2025,NY-04,112.0,110.0,-2.0,-1.7857142857142856
Trump 2025,NZ-07,24.0,25.0,1.0,4.166666666666666
Trump 2025,OR-51,0.0,11.0,11.0,100.0
Trump 2025,OR-53,45.0,52.0,7.0,15.555555555555555
Trump 2025,OR-60,91.0,106.0,15.0,16.483516483516482
Trump 2025,OR-70,23.0,22.0,-1.0,-4.3478260869565215
Trump 2025,PG-05,13.0,12.0,-1.0,-7.6923076923076925
Trump 2025,PG-07,81.0,71.0,-10.0,-12.345679012345679
Trump 2025,PG-09,53.0,63.0,10.0,18.867924528301888
Trump 2025,PG-11,40.0,37.0,-3.0,-7.5
Trump 2025,PG-12,174.0,169.0,-5.0,-2.8735632183908044
Trump 2025,PG-13,176.0,183.0,7.0,3.977272727272727
Trump 2025,PG-14,121.0,122.0,1.0,0.8264462809917356
Trump 2025,PG-15,68.0,66.0,-2.0,-2.941176470588235
Trump 2025,PQ-05,0.0,11.0,11.0,100.0
Trump 2025,PU-07,0.0,11.0,11.0,100.0
Trump 2025,PU-12,18.0,18.0,0.0,0.0
Trump 2025,PU-13,17.0,20.0,3.0,17.647058823529413
Trump 2025,PU-14,0.0,11.0,11.0,100.0
Trump 2025,RA-00,24.0,25.0,1.0,4.166666666666666
Trump 2025,RF-00,1588.0,1564.0,-24.0,-1.5113350125944585
Trump 2025,RG-00,4384.0,4307.0,-77.0,-1.7563868613138685
Trump 2025,RG-0A,20.0,19.0,-1.0,-5.0
Trump 2025,RG-0B,11.0,13.0,2.0,18.181818181818183
Trump 2025,RS-00,134.0,138.0,4.0,2.9850746268656714
Trump 2025,SK-07,38.0,29.0,-9.0,-23.684210526315788
Trump 2025,SK-08,11.0,11.0,0.0,0.0
Trump 2025,SK-09,29.0,33.0,4.0,13.793103448275861
Trump 2025,SK-11,72.0,58.0,-14.0,-19.444444444444446
Trump 2025,SK-12,255.0,215.0,-40.0,-15.686274509803921
Trump 2025,SK-13,439.0,378.0,-61.0,-13.895216400911162
Trump 2025,SK-14,2371.0,2386.0,15.0,0.6326444538169549
Trump 2025,SK-15,392.0,380.0,-12.0,-3.061224489795918
Trump 2025,SK-16,689.0,666.0,-23.0,-3.3381712626995643
Trump 2025,SK-17,431.0,414.0,-17.0,-3.944315545243619
Trump 2025,SL-00,1213.0,1173.0,-40.0,-3.297609233305853
Trump 2025,SN-00,41.0,40.0,-1.0,-2.4390243902439024
Trump 2025,SO-01,11.0,20.0,9.0,81.81818181818183
Trump 2025,SO-02,147.0,135.0,-12.0,-8.16326530612245
Trump 2025,SP-01,336.0,333.0,-3.0,-0.8928571428571428
Trump 2025,SP-04,110.0,105.0,-5.0,-4.545454545454546
Trump 2025,SP-05,26.0,25.0,-1.0,-3.8461538461538463
Trump 2025,SR-00,127.0,122.0,-5.0,-3.937007874015748
Trump 2025,SR-PH,62.0,59.0,-3.0,-4.838709677419355
Trump 2025,SS-01,30.0,25.0,-5.0,-16.666666666666664
Trump 2025,SS-02,15.0,16.0,1.0,6.666666666666667
Trump 2025,SS-03,0.0,11.0,11.0,100.0
Trump 2025,ST-00,426.0,424.0,-2.0,-0.4694835680751174
Trump 2025,SV-0D,6203.0,7587.0,1384.0,22.311784620344994
Trump 2025,SV-0E,5763.0,4570.0,-1193.0,-20.701023772340797
Trump 2025,SV-0F,34324.0,35625.0,1301.0,3.790350774967952
Trump 2025,SV-0G,6727.0,6761.0,34.0,0.505425895644418
Trump 2025,SV-0H,3536.0,3603.0,67.0,1.8947963800904977
Trump 2025,SV-0I,4521.0,4595.0,74.0,1.63680601636806
Trump 2025,SV-0J,2295.0,2313.0,18.0,0.7843137254901961
Trump 2025,SV-0K,851.0,862.0,11.0,1.2925969447708578
Trump 2025,SV-0L,47.0,41.0,-6.0,-12.76595744680851
Trump 2025,SW-01,30.0,33.0,3.0,10.0
Trump 2025,SW-02,124.0,120.0,-4.0,-3.225806451612903
Trump 2025,TP-AA,1828.0,2240.0,412.0,22.538293216630198
Trump 2025,TP-CB,401.0,396.0,-5.0,-1.2468827930174564
Trump 2025,TP-CC,139.0,135.0,-4.0,-2.877697841726619
Trump 2025,TP-CD,1048.0,1053.0,5.0,0.4770992366412214
Trump 2025,TP-CE,1533.0,1534.0,1.0,0.06523157208088715
Trump 2025,TP-CG,173.0,180.0,7.0,4.046242774566474
Trump 2025,TP-CL,203.0,193.0,-10.0,-4.926108374384237
Trump 2025,TP-CM,430.0,437.0,7.0,1.627906976744186
Trump 2025,TP-DD,53.0,55.0,2.0,3.7735849056603774
Trump 2025,TP-DE,61.0,62.0,1.0,1.639344262295082
Trump 2025,TP-DM,14.0,15.0,1.0,7.142857142857142
Trump 2025,TP-ED,43.0,48.0,5.0,11.627906976744185
Trump 2025,TP-EE,96.0,102.0,6.0,6.25
Trump 2025,TP-EG,20.0,20.0,0.0,0.0
Trump 2025,TP-EM,22.0,19.0,-3.0,-13.636363636363635
Trump 2025,TP-FE,30.0,29.0,-1.0,-3.3333333333333335
Trump 2025,TP-FG,12.0,13.0,1.0,8.333333333333332
Trump 2025,TP-KD,21.0,20.0,-1.0,-4.761904761904762
Trump 2025,TP-KE,62.0,63.0,1.0,1.6129032258064515
Trump 2025,TP-KG,30.0,29.0,-1.0,-3.3333333333333335
Trump 2025,TP-LE,44.0,42.0,-2.0,-4.545454545454546
Trump 2025,TP-LG,26.0,29.0,3.0,11.538461538461538
Trump 2025,TP-OD,14.0,16.0,2.0,14.285714285714285
Trump 2025,TP-OE,94.0,94.0,0.0,0.0
Trump 2025,TP-OG,29.0,31.0,2.0,6.896551724137931
Trump 2025,TP-OM,22.0,24.0,2.0,9.090909090909092
Trump 2025,TR-06,15.0,14.0,-1.0,-6.666666666666667
Trump 2025,TR-07,37.0,24.0,-13.0,-35.13513513513514
Trump 2025,TR-08,295.0,311.0,16.0,5.423728813559322
Trump 2025,TR-09,62.0,62.0,0.0,0.0
Trump 2025,TR-10,34.0,36.0,2.0,5.88235294117647
Trump 2025,TR-12,12.0,11.0,-1.0,-8.333333333333332
Trump 2025,VC-02,284.0,283.0,-1.0,-0.35211267605633806
Trump 2025,VC-03,33.0,28.0,-5.0,-15.151515151515152
Trump 2025,VC-04,135.0,137.0,2.0,1.4814814814814816
Trump 2025,VC-05,100.0,101.0,1.0,1.0
Trump 2025,VC-06,28.0,32.0,4.0,14.285714285714285
Trump 2025,VC-09,22.0,23.0,1.0,4.545454545454546
Trump 2025,VC-10,69.0,62.0,-7.0,-10.144927536231885
Trump 2025,VC-11,155.0,160.0,5.0,3.225806451612903
Trump 2025,VC-12,63.0,65.0,2.0,3.1746031746031744
Trump 2025,VC-13,54.0,55.0,1.0,1.8518518518518516
Trump 2025,VC-14,28.0,29.0,1.0,3.571428571428571
Trump 2025,VC-15,49.0,49.0,0.0,0.0
Trump 2025,VC-16,23.0,21.0,-2.0,-8.695652173913043
Trump 2025,VH-35,21.0,20.0,-1.0,-4.761904761904762
Trump 2025,VH-37,49.0,45.0,-4.0,-8.16326530612245
Trump 2025,VH-38,33.0,35.0,2.0,6.0606060606060606
Trump 2025,VH-39,63.0,67.0,4.0,6.349206349206349
Trump 2025,VH-40,83.0,74.0,-9.0,-10.843373493975903
Trump 2025,VH-41,37.0,44.0,7.0,18.91891891891892
Trump 2025,VH-42,12.0,12.0,0.0,0.0
Trump 2025,VH-43,12.0,11.0,-1.0,-8.333333333333332
Trump 2025,VM-15,590.0,595.0,5.0,0.847457627118644
Trump 2025,VM-DE,1166.0,1168.0,2.0,0.17152658662092624
Trump 2025,VM-PH,20818.0,20646.0,-172.0,-0.8262080891536171
Trump 2025,VN-01,10654.0,9001.0,-1653.0,-15.515299418058945
Trump 2025,VN-02,49019.0,48940.0,-79.0,-0.16116199840878026
Trump 2025,VN-03,29870.0,30795.0,925.0,3.096752594576498
Trump 2025,VN-04,1662.0,1711.0,49.0,2.9482551143200966
Trump 2025,VN-05,409.0,412.0,3.0,0.7334963325183375
Trump 2025,VP-12,272.0,266.0,-6.0,-2.2058823529411766
Trump 2025,VP-13,405.0,424.0,19.0,4.691358024691358
Trump 2025,VP-14,319.0,311.0,-8.0,-2.507836990595611
Trump 2025,VP-15,290.0,306.0,16.0,5.517241379310345
Trump 2025,WA-07,37.0,36.0,-1.0,-2.7027027027027026
Trump 2025,WA-08,26.0,28.0,2.0,7.6923076923076925
Trump 2025,WA-09,32.0,33.0,1.0,3.125
Trump 2025,WA-10,48.0,46.0,-2.0,-4.166666666666666
Trump 2025,WA-11,54.0,52.0,-2.0,-3.7037037037037033
Trump 2025,WB-00,1660.0,1661.0,1.0,0.06024096385542169
Trump 2025,WB-02,28.0,26.0,-2.0,-7.142857142857142
Trump 2025,WD-04,62.0,65.0,3.0,4.838709677419355
Trump 2025,WD-05,55.0,54.0,-1.0,-1.8181818181818181
Trump 2025,WD-06,688.0,693.0,5.0,0.7267441860465116
Trump 2025,WD-07,120.0,118.0,-2.0,-1.6666666666666667
Trump 2025,WD-08,366.0,347.0,-19.0,-5.191256830601093
Trump 2025,WE-00,679.0,659.0,-20.0,-2.945508100147275
Trump 2025,WG-01,675.0,378.0,-297.0,-44.0
Trump 2025,WG-02,13104.0,12611.0,-493.0,-3.762210012210012
Trump 2025,WG-03,3997.0,3497.0,-500.0,-12.509382036527395
Trump 2025,WG-04,4566.0,4353.0,-213.0,-4.664914586070959
Trump 2025,WG-05,9950.0,9034.0,-916.0,-9.206030150753769
Trump 2025,WG-06,8896.0,8837.0,-59.0,-0.6632194244604317
Trump 2025,WG-07,6805.0,6546.0,-259.0,-3.8060249816311535
Trump 2025,WG-08,14352.0,14162.0,-190.0,-1.3238573021181717
Trump 2025,WG-09,9160.0,9188.0,28.0,0.3056768558951965
Trump 2025,WG-10,39609.0,39427.0,-182.0,-0.4594915297028453
Trump 2025,WG-11,10820.0,10675.0,-145.0,-1.3401109057301293
Trump 2025,WG-12,4173.0,4146.0,-27.0,-0.6470165348670022
Trump 2025,WG-13,1162.0,1148.0,-14.0,-1.2048192771084338
Trump 2025,WG-14,336.0,339.0,3.0,0.8928571428571428
Trump 2025,WG-15,13.0,12.0,-1.0,-7.6923076923076925
Trump 2025,WJ-07,22.0,20.0,-2.0,-9.090909090909092
Trump 2025,WJ-08,18.0,19.0,1.0,5.555555555555555
Trump 2025,WJ-11,14.0,13.0,-1.0,-7.142857142857142
Trump 2025,WK-08,16.0,14.0,-2.0,-12.5
Trump 2025,WK-10,27.0,25.0,-2.0,-7.4074074074074066
Trump 2025,WL-02,791.0,800.0,9.0,1.1378002528445006
Trump 2025,WL-03,138.0,99.0,-39.0,-28.26086956521739
Trump 2025,WL-04,348.0,339.0,-9.0,-2.586206896551724
Trump 2025,WL-05,275.0,269.0,-6.0,-2.181818181818182
Trump 2025,WL-06,528.0,529.0,1.0,0.1893939393939394
Trump 2025,WL-07,474.0,444.0,-30.0,-6.329113924050633
Trump 2025,WL-08,676.0,678.0,2.0,0.2958579881656805
Trump 2025,WL-09,889.0,889.0,0.0,0.0
Trump 2025,WL-10,6230.0,6193.0,-37.0,-0.593900481540931
Trump 2025,WL-11,1809.0,1812.0,3.0,0.16583747927031509
Trump 2025,WL-12,362.0,405.0,43.0,11.878453038674033
Trump 2025,WL-13,244.0,244.0,0.0,0.0
Trump 2025,WL-14,91.0,92.0,1.0,1.098901098901099
Trump 2025,WM-00,105.0,93.0,-12.0,-11.428571428571429
Trump 2025,WM-01,93.0,79.0,-14.0,-15.053763440860216
Trump 2025,WM-02,53.0,50.0,-3.0,-5.660377358490567
Trump 2025,WM-06,38.0,40.0,2.0,5.263157894736842
Trump 2025,WM-07,502.0,536.0,34.0,6.772908366533864
Trump 2025,WM-08,483.0,500.0,17.0,3.5196687370600417
Trump 2025,WM-09,1313.0,1313.0,0.0,0.0
Trump 2025,WM-10,832.0,824.0,-8.0,-0.9615384615384616
Trump 2025,WM-11,88.0,86.0,-2.0,-2.272727272727273
Trump 2025,WM-12,81.0,82.0,1.0,1.2345679012345678
Trump 2025,WM-13,34.0,40.0,6.0,17.647058823529413
Trump 2025,WM-14,52.0,46.0,-6.0,-11.538461538461538
Trump 2025,WM-15,346.0,353.0,7.0,2.023121387283237
Trump 2025,WM-16,586.0,588.0,2.0,0.3412969283276451
Trump 2025,WM-18,13.0,12.0,-1.0,-7.6923076923076925
Trump 2025,WM-21,59.0,39.0,-20.0,-33.89830508474576
Trump 2025,WM-25,161.0,146.0,-15.0,-9.316770186335404
Trump 2025,WM-26,465.0,473.0,8.0,1.7204301075268817
Trump 2025,WM-27,284.0,277.0,-7.0,-2.464788732394366
Trump 2025,WM-28,330.0,332.0,2.0,0.6060606060606061
Trump 2025,WM-29,203.0,215.0,12.0,5.911330049261084
Trump 2025,WM-44,0.0,13.0,13.0,100.0
Trump 2025,WN-04,22.0,23.0,1.0,4.545454545454546
Trump 2025,WN-07,61.0,65.0,4.0,6.557377049180328
Trump 2025,WS-01,16.0,106.0,90.0,562.5
Trump 2025,WS-02,995.0,969.0,-26.0,-2.613065326633166
Trump 2025,WS-03,622.0,530.0,-92.0,-14.790996784565916
Trump 2025,WS-04,1159.0,1171.0,12.0,1.0353753235547885
Trump 2025,WS-05,510.0,490.0,-20.0,-3.9215686274509802
Trump 2025,WS-06,827.0,819.0,-8.0,-0.9673518742442563
Trump 2025,WS-07,590.0,582.0,-8.0,-1.3559322033898304
Trump 2025,WS-08,3148.0,3173.0,25.0,0.7941550190597205
Trump 2025,WS-09,2205.0,2184.0,-21.0,-0.9523809523809524
Trump 2025,WS-10,5827.0,5783.0,-44.0,-0.7551055431611464
Trump 2025,WS-11,2103.0,2127.0,24.0,1.1412268188302426
Trump 2025,WS-12,636.0,640.0,4.0,0.628930817610063
Trump 2025,WS-13,676.0,654.0,-22.0,-3.2544378698224854
Trump 2025,WS-14,1343.0,1327.0,-16.0,-1.1913626209977661
Trump 2025,WS-15,302.0,299.0,-3.0,-0.9933774834437087
Trump 2025,WS-16,133.0,132.0,-1.0,-0.7518796992481203
Trump 2025,WS-17,46.0,44.0,-2.0,-4.3478260869565215
Trump 2025,WT-00,2493.0,2424.0,-69.0,-2.7677496991576414
Trump 2025,WU-10,15.0,16.0,1.0,6.666666666666667
Trump 2025,WY-03,28.0,20.0,-8.0,-28.57142857142857
Trump 2025,WY-05,47.0,68.0,21.0,44.680851063829785
Trump 2025,WY-07,52.0,48.0,-4.0,-7.6923076923076925
Trump 2025,WY-08,406.0,414.0,8.0,1.9704433497536946
Trump 2025,WY-09,661.0,667.0,6.0,0.9077155824508321
Trump 2025,WY-10,156.0,158.0,2.0,1.282051282051282
Trump 2025,WY-11,99.0,93.0,-6.0,-6.0606060606060606
Trump 2025,XA-05,95.0,50.0,-45.0,-47.368421052631575
Trump 2025,XA-07,92.0,71.0,-21.0,-22.82608695652174
Trump 2025,XA-08,11.0,11.0,0.0,0.0
Trump 2025,XA-09,13.0,18.0,5.0,38.46153846153847
Trump 2025,XA-10,23.0,24.0,1.0,4.3478260869565215
Trump 2025,XC-10,11.0,12.0,1.0,9.090909090909092
Trump 2025,XE-00,82.0,77.0,-5.0,-6.097560975609756
Trump 2025,XF-02,23.0,0.0,-23.0,-100.0
Trump 2025,XF-04,112.0,0.0,-112.0,-100.0
Trump 2025,XF-05,24.0,0.0,-24.0,-100.0
Trump 2025,XF-06,150.0,126.0,-24.0,-16.0
Trump 2025,XF-07,26.0,25.0,-1.0,-3.8461538461538463
Trump 2025,XF-08,76.0,59.0,-17.0,-22.36842105263158
Trump 2025,XF-09,61.0,57.0,-4.0,-6.557377049180328
Trump 2025,XF-10,95.0,90.0,-5.0,-5.263157894736842
Trump 2025,XF-11,60.0,58.0,-2.0,-3.3333333333333335
Trump 2025,XF-12,54.0,49.0,-5.0,-9.25925925925926
Trump 2025,XG-06,19.0,18.0,-1.0,-5.263157894736842
Trump 2025,XH-06,14.0,0.0,-14.0,-100.0
Trump 2025,XH-07,51.0,45.0,-6.0,-11.76470588235294
Trump 2025,XH-08,56.0,56.0,0.0,0.0
Trump 2025,XH-09,34.0,38.0,4.0,11.76470588235294
Trump 2025,XH-10,38.0,37.0,-1.0,-2.631578947368421
Trump 2025,XH-11,31.0,34.0,3.0,9.67741935483871
Trump 2025,XH-12,32.0,32.0,0.0,0.0
Trump 2025,XH-13,34.0,36.0,2.0,5.88235294117647
Trump 2025,XH-14,18.0,18.0,0.0,0.0
Trump 2025,XH-15,21.0,21.0,0.0,0.0
Trump 2025,XH-16,15.0,14.0,-1.0,-6.666666666666667
Trump 2025,XR-10,26.0,26.0,0.0,0.0
Trump 2025,ZA-01,33.0,20.0,-13.0,-39.39393939393939
Trump 2025,ZA-02,440.0,436.0,-4.0,-0.9090909090909091
Trump 2025,ZA-03,1344.0,1382.0,38.0,2.8273809523809526
Trump 2025,ZA-04,1730.0,1722.0,-8.0,-0.46242774566473993
Trump 2025,ZA-05,441.0,430.0,-11.0,-2.494331065759637
Trump 2025,ZP-01,39.0,23.0,-16.0,-41.02564102564102
Trump 2025,ZP-02,319.0,310.0,-9.0,-2.8213166144200628
Trump 2025,ZP-03,2243.0,2217.0,-26.0,-1.15916183682568
Trump 2025,ZP-04,3174.0,3178.0,4.0,0.1260239445494644
Trump 2025,ZP-05,1101.0,1084.0,-17.0,-1.544050862851953
Trump 2025,ZS-02,17.0,12.0,-5.0,-29.411764705882355
Trump 2025,ZS-03,128.0,126.0,-2.0,-1.5625
Trump 2025,ZS-04,220.0,206.0,-14.0,-6.363636363636363
Trump 2025,ZS-05,72.0,77.0,5.0,6.944444444444445
Trump 2025,ZT-02,55.0,53.0,-2.0,-3.6363636363636362
Trump 2025,ZT-03,131.0,128.0,-3.0,-2.2900763358778624
Trump 2025,ZT-04,235.0,228.0,-7.0,-2.9787234042553195
Trump 2025,ZT-05,44.0,49.0,5.0,11.363636363636363
Trump 2025,ZZ-00,434.0,408.0,-26.0,-5.990783410138248
Trump 2025,0,684.0,724.0,40.0,5.847953216374268
Trump 2025,0,684.0,257.0,-427.0,-62.42690058479532
Trump 2025,0,684.0,227.0,-457.0,-66.81286549707602
Trump 2025,0,684.0,103.0,-581.0,-84.94152046783626
Trump 2025,0,684.0,96.0,-588.0,-85.96491228070175
Trump 2025,0,684.0,58.0,-626.0,-91.52046783625731
Trump 2025,0,684.0,13.0,-671.0,-98.09941520467837
Trump 2025,0,232.0,724.0,492.0,212.06896551724137
Trump 2025,0,232.0,257.0,25.0,10.775862068965516
Trump 2025,0,232.0,227.0,-5.0,-2.1551724137931036
Trump 2025,0,232.0,103.0,-129.0,-55.603448275862064
Trump 2025,0,232.0,96.0,-136.0,-58.620689655172406
Trump 2025,0,232.0,58.0,-174.0,-75.0
Trump 2025,0,232.0,13.0,-219.0,-94.39655172413794
Trump 2025,0,106.0,724.0,618.0,583.0188679245283
Trump 2025,0,106.0,257.0,151.0,142.45283018867926
Trump 2025,0,106.0,227.0,121.0,114.15094339622642
Trump 2025,0,106.0,103.0,-3.0,-2.8301886792452833
Trump 2025,0,106.0,96.0,-10.0,-9.433962264150944
Trump 2025,0,106.0,58.0,-48.0,-45.28301886792453
Trump 2025,0,106.0,13.0,-93.0,-87.73584905660378
Trump 2025,0,56.0,724.0,668.0,1192.857142857143
Trump 2025,0,56.0,257.0,201.0,358.92857142857144
Trump 2025,0,56.0,227.0,171.0,305.35714285714283
Trump 2025,0,56.0,103.0,47.0,83.92857142857143
Trump 2025,0,56.0,96.0,40.0,71.42857142857143
Trump 2025,0,56.0,58.0,2.0,3.571428571428571
Trump 2025,0,56.0,13.0,-43.0,-76.78571428571429
Trump 2025,0,11.0,724.0,713.0,6481.818181818181
Trump 2025,0,11.0,257.0,246.0,2236.3636363636365
Trump 2025,0,11.0,227.0,216.0,1963.6363636363637
Trump 2025,0,11.0,103.0,92.0,836.3636363636364
Trump 2025,0,11.0,96.0,85.0,772.7272727272727
Trump 2025,0,11.0,58.0,47.0,427.27272727272725
Trump 2025,0,11.0,13.0,2.0,18.181818181818183
